2142,bio-der-trockene-badener-weisswein-trocken-0-75-l.html
693,casal-garcia-vinho-verde-weisswein-trocken-0-75-l.html
1247,lenz-moser-gruener-veltliner-prestige-weisswein-trocken-0-75-l.html
785,sutter-home-chardonnay-weisswein-trocken-0-75-l.html
1744,la-palma-sauvignon-blanc-weisswein-trocken-0-75-l.html
6814,montigny-cuvee-rose-rosewein-halbtrocken-0-75-l-863.html
1613,fendant-du-valais-alpes-weisswein-trocken-0-75-l.html
3325,traubenraeuber-weisswein-trocken-0-75-l.html
274,mayschoss-riesling-weisswein-halbtrocken-0-75-l.html
416,wuerttemberger-riesling-weisswein-halbtrocken-1-l.html
2297,schneekloth-riesling-nahe-auslese-weisswein-trocken-0-75-l.html
6484,despagne-entr-amis-weisswein-lieblich-0-75-l.html
3325,traubenraeuber-weisswein-trocken-0-75-l.html
5794,dogajolo-toscano-weisswein-trocken-0-75-l.html
1731,schneekloth-dornfelder-holzfassreife-rotwein-trocken-0-75-l.html
3433,chateau-grand-barrail-lamarzelle-figeac-grand-cru-classe-rotwein-trocken-0-75-l.html
494,jas-des-ginestes-rosewein-trocken-1-l.html
4144,veuve-cliquot-brut-trocken-0-75-l.html
4143,moet-chandon-brut-imperial-0-75-l.html
6676,moet-chandon-brut-imperial-0-75-l.html
686,noval-fine-ruby-port-portwein-edelsuess-0-75-l.html
2418,noval-fine-ruby-port-portwein-edelsuess-0-75-l.html
2442,noval-fine-ruby-port-portwein-edelsuess-0-75-l.html
2444,noval-fine-ruby-port-portwein-edelsuess-0-75-l.html
2446,noval-fine-ruby-port-portwein-edelsuess-0-75-l.html
2447,noval-fine-ruby-port-portwein-edelsuess-0-75-l.html
2448,noval-fine-ruby-port-portwein-edelsuess-0-75-l.html
2449,noval-fine-ruby-port-portwein-edelsuess-0-75-l.html
3371,noval-fine-ruby-port-portwein-edelsuess-0-75-l.html
3372,noval-fine-ruby-port-portwein-edelsuess-0-75-l.html
3627,noval-fine-ruby-port-portwein-edelsuess-0-75-l.html
3952,geschenkkarton-montigny-scala-gruen-fuer-1-flasche.html
3953,geschenktuete-montigny-scala-gruen-fuer-1-flasche.html
3954,geschenkkarton-montigny-scala-gruen-fuer-2-flaschen.html
5696,rosenthal-praesent-set-fuer-rotwein.html
5697,rosenthal-praesent-set-fuer-weisswein.html
5698,rosenthal-praesent-set-fuer-champagner-sekt.html
5965,geschenkkarton-gute-freunde.html
5977,geschenkkarton-feuerzangenbowle.html
5978,geschenkkarton-papale-und-linguine.html
5982,geschenkkarton-dreh-raus.html
6183,geschenkkarton-dreh-raus.html
6391,gk-dogajolo-rot-weiss-2-flaschen.html
6548,geschenkkiste-chateau-croix-du-rival.html
6551,geschenkkarton-drei-franzosen.html
6648,geschenkkarton-st-gottardi-chianti.html
6677,rosenthal-praesent-set-mit-1-flasche-bottega-petalo-moscato-il-vino-dell-amore.html
6711,rosenthal-praesent-set-mit-1-flasche-cremant-de-bourgogne-brut.html
6717,rosenthal-praesent-set-mit-1-flasche-montigny-secco.html
6722,rosenthal-praesent-set-mit-1-flasche-lacroix.html
6724,rosenthal-praesent-set-mit-1-flasche-tatu.html
991,grappa-alexander-bianca-gruene-flasche-38-vol-0-7-l.html
6539,montigny-gewuerztraminer-tresterbrand-42-vol-0-35-l.html
2287,jahnke-salz-lakritz-likoer-30-vol-0-7-l.html
1193,siebenmaerker-kieler-kuemmel-0-7-l.html
1173,siebenmaerker-royal-40-jamaika-rum-verschnitt-40-vol-0-7-l.html
4176,laguiole-kellnermesser-wacholderholz.html
4174,laguiole-kellnermesser-horn-schwarz.html
5773,rosenthal-grappaglas-6er-set.html
5785,rosenthal-whiskyglas-6er-set.html
3121,schneekloth-spaetburgunder-rosewein-trocken-0-75-l.html
789,st-gottardi-pinot-grigio-del-veneto-weisswein-trocken-0-75-l.html
485,rose-d-anjou-rosewein-lieblich-0-75-l.html
426,caprice-de-colombelle-blanc-weisswein-trocken-0-75-l.html
3539,austrian-pepper-gruener-veltliner-weisswein-trocken-0-75-l.html
1758,schneekloth-chardonnay-weisswein-trocken-0-75-l-724.html
3594,montigny-sauvignon-blanc-engelstadter-roemerberg-weisswein-trocken-0-75-l.html
74,schneekloth-bacchus-weisswein-halbtrocken-1-l.html
166,schneekloth-weisser-burgunder-weisswein-halbtrocken-0-75-l.html
1142,bickensohl-grauer-burgunder-weisswein-trocken-0-75-l.html
376,gottenheimer-attilafelsen-weisswein-trocken-1-l.html
365,bastian-grauer-burgunder-weisswein-trocken-0-75-l.html
386,bastian-endinger-vulkanfelsen-mueller-thurgau-weisswein-trocken-1-l.html
4223,sunset-canyon-chardonnay-weisswein-trocken-0-75-l.html
727,sutter-home-sauvignon-blanc-weisswein-trocken-0-75-l.html
3558,montigny-cuvee-rose-rosewein-halbtrocken-0-75-l.html
79,schneekloth-portugieser-weissherbst-rosewein-lieblich-1-l.html
1727,schneekloth-dornfelder-rosewein-halbtrocken-0-75-l.html
3591,montigny-spaetburgunder-rose-rosewein-trocken-0-75-l.html
1911,brut-d-argent-chardonnay-sekt-blanc-de-blancs-trocken-0-75-l.html
242,campo-viejo-rotwein-trocken-0-75-l.html
6728,marques-de-caceres-gran-reserva-rotwein-trocken-0-75-l-777.html
592,marquis-de-rothberg-bordeaux-rotwein-trocken-0-75-l.html
591,chateau-valade-rotwein-trocken-0-75-l.html
3938,chateau-camarsac-rotwein-trocken-0-75-l.html
2192,antano-reserva-rotwein-trocken-0-75-l.html
2191,antano-crianza-rotwein-trocken-0-75-l.html
1713,big-fat-llama-cabernet-sauvignon-rotwein-trocken-0-75-l.html
1418,golden-kaan-cabernet-sauvignon-rotwein-trocken-0-75-l.html
1736,la-palma-cabernet-sauvignon-rotwein-trocken-0-75-l.html
1739,la-capitana-cabernet-sauvignon-reserva-rotwein-trocken-0-75-l.html
817,sutter-home-cabernet-sauvignon-rotwein-trocken-0-75-l.html
5799,pighin-friuli-cabernet-sauvignon-rotwein-trocken-0-75-l.html
2117,gallo-cabernet-sauvignon-rotwein-trocken-0-75-l.html
3897,gato-negro-cabernet-sauvignon-rotwein-trocken-0-75-l.html
6264,schneekloth-cabernet-sauvignon-im-barrique-gereift-rotwein-trocken-0-75-l.html
1154,schneekloth-chardonnay-weisswein-trocken-0-75-l.html
428,chablis-josselin-aus-dem-spitzenhaus-laroche-weisswein-trocken-0-75-l.html
2153,biobio-chardonnay-weisswein-trocken-0-75-l.html
673,st-gottardi-chardonnay-delle-venezie-weisswein-trocken-0-75-l.html
1899,yellow-tail-chardonnay-weisswein-trocken-0-75-l.html
519,penfolds-rawson-s-retreat-semillion-chardonnay-weisswein-trocken-0-75-l.html
1689,villa-antinori-weisswein-trocken-0-75-l.html
5867,rites-du-sud-chardonnay-weisswein-trocken-0-75-l.html
3646,montigny-chardonnay-kreuznacher-st-martin-weisswein-trocken-0-75-l.html
3647,montigny-ornament-chardonnay-barrique-kreuznacher-st-martin-weisswein-trocken-0-75-l.html
4119,mc-guigan-estate-chardonnay-weisswein-trocken-0-75-l.html
992,grappa-alexander-di-chardonnay-discovery-38-vol-0-35-l.html
996,grappa-alexander-di-chardonnay-cubetto-38-vol-0-1-l.html
253,schneekloth-dornfelder-rotwein-trocken-0-75-l.html
245,schneekloth-dornfelder-rotwein-halbtrocken-0-75-l.html
1468,schneekloth-dornfelder-rotwein-lieblich-0-75-l.html
151,schneekloth-dornfelder-rotwein-trocken-1-l.html
252,schneekloth-dornfelder-rotwein-halbtrocken-1-l.html
1731,schneekloth-dornfelder-holzfassreife-rotwein-trocken-0-75-l.html
3552,montigny-cuvee-rot-rotwein-feinherb-0-75-l.html
83,schneekloth-essenheimer-domherr-rotwein-mild-sueffig-0-75-l.html
2399,silentium-regent-dornfelder-jahrgangs-cuvee-rotwein-halbtrocken-0-75-l.html
1972,schneekloth-regent-dornfelder-rotwein-trocken-0-75-l.html
1832,schneekloth-regent-dornfelder-rotwein-halbtrocken-0-75-l.html
1833,schneekloth-regent-dornfelder-rotwein-lieblich-0-75-l.html
682,bio-bona-terra-rotwein-trocken-0-75-l.html
2154,biobio-merlot-del-veneto-rotwein-trocken-0-75-l.html
752,donauherbst-merlot-rotwein-lieblich-0-75-l.html
1299,golden-kaan-merlot-rotwein-trocken-0-75-l.html
1267,girolate-1ere-vendage-von-despagne-appellation-controlee-rotwein-trocken-0-75-l.html
1722,j-p-chenet-merlot-rotwein-trocken-0-75-l.html
126,grand-sud-merlot-rotwein-trocken-1-l.html
646,st-gottardi-merlot-del-veneto-rotwein-trocken-0-75-l.html
728,sutter-home-merlot-rotwein-trocken-0-75-l.html
3644,st-gottardi-collezione-privata-merlot-rotwein-trocken-0-75-l.html
1896,yellow-tail-merlot-rotwein-trocken-0-75-l.html
1565,grand-sud-merlot-bag-in-box-rotwein-trocken-3-l.html
3898,gato-negro-merlot-rotwein-trocken-0-75-l.html
6265,schneekloth-merlot-im-barrique-gereift-rotwein-trocken-0-75-l.html
1973,schneekloth-merlot-rotwein-trocken-0-75-l.html
5869,rites-du-sud-merlot-rotwein-trocken-0-75-l.html
6211,quinta-do-noval-silval-vintage-port-992.html
6213,quinta-do-noval-silval-vintage-port-993.html
6214,quinta-do-noval-silval-vintage-port-990.html
1848,quinta-do-noval-silval-vintage-port-989.html
1847,quinta-do-noval-silval-vintage-port.html
6212,quinta-do-noval-vintage-port-1100.html
6215,quinta-do-noval-vintage-port-1097.html
1757,schneekloth-riesling-weisswein-lieblich-0-75-l.html
1918,lauffener-katzenbeisser-schwarz-weiss-schwarzriesling-rotwein-trocken-0-75-l.html
1919,bioland-schwarzriesling-katzenbeisser-rotwein-trocken-0-75-l.html
274,mayschoss-riesling-weisswein-halbtrocken-0-75-l.html
1717,schneekloth-riesling-feinherb-weisswein-0-75-l.html
214,mumm-riesling-feinherb-weisswein-1-l.html
1337,deinhard-riesling-weisswein-halbtrocken-0-75-l.html
3556,montigny-classic-riesling-weisswein-trocken-0-75-l.html
3561,montigny-riesling-feinherb-weisswein-0-75-l.html
348,buergerspital-zum-heiligen-geist-gutswein-riesling-weisswein-trocken-0-75-l.html
3597,montigny-riesling-bretzenheimer-vogelsang-weisswein-edelsuess-0-75-l.html
3874,kloster-eberbach-rauenthaler-riesling-weisswein-trocken-0-75-l.html
1156,phil-secco-riesling-weisswein-trocken-0-75-l.html
3649,montigny-ornament-riesling-monzinger-fruehlingsplaetzchen-weisswein-trocken-0-75-l.html
221,schloss-johannisberger-blaulack-eiswein-weisswein-edelsuess-0-375-l.html
213,mumm-riesling-weisswein-trocken-1-l.html
231,schloss-johannisberger-gelblack-weisswein-trocken-0-75-l.html
225,mumm-ruedesheimer-berg-roseneck-weisswein-halbtrocken-0-75-l.html
416,wuerttemberger-riesling-weisswein-halbtrocken-1-l.html
3949,schneekloth-riesling-weisswein-trocken-0-75-l.html
1276,schloss-vaux-riesling-sekt-brut-trocken-0-75-l.html
157,lacoste-borie-2-wein-grand-puy-lacoste-appellation-controlee-rotwein-trocken-0-75-l.html
847,baron-arques-clocher-de-saint-polycarpe-limoux-auktion-vin-de-pays-rotwein-trocken-0-75-l.html
431,chateau-haut-gravet-grand-cru-classe-rotwein-trocken-0-75-l.html
195,chateau-beau-sejour-becot-premier-grand-cru-classe-b-rotwein-trocken-0-75-l.html
1237,chateau-la-couspaude-grand-cru-classe-rotwein-trocken-0-75-l.html
1749,chateau-phelan-segur-cru-bourgeois-exceptionnel-rotwein-trocken-0-75-l.html
1785,chateau-belair-premier-grand-cru-classe-b-rotwein-trocken-0-75-l.html
1227,chateau-la-conseillante-appellation-controlee-rotwein-trocken-0-75-l-697.html
1859,girolate-2eme-vendage-von-despagne-appellation-controlee-rotwein-trocken-0-75-l.html
1811,chateau-phelan-segur-cru-bourgeois-exceptionnel-rotwein-trocken-0-75-l-945.html
86,marquis-de-calon-2-wein-von-chateau-calon-segur-appellation-controlee-rotwein-trocken-0-75-l-851.html
1451,marquis-de-calon-2-wein-von-chateau-calon-segur-appellation-controlee-rotwein-trocken-0-75-l.html
1352,chateau-larrivet-haut-brion-appellation-controlee-rotwein-trocken-0-75-l.html
359,chateau-clinet-appellation-controlee-rotwein-trocken-0-75-l-255.html
1253,chateau-clinet-appellation-controlee-rotwein-trocken-0-75-l-256.html
1257,chateau-pavie-premier-grand-cru-classe-b-rotwein-trocken-0-75-l.html
1786,chateau-canon-premier-grand-cru-classe-b-rotwein-trocken-0-75-l.html
1975,chateau-les-roques-cuvee-frantz-appellation-controlee-weisswein-edelsuess-0-75-l.html
177,couvent-des-jacobins-grand-cru-classe-rotwein-trocken-0-75-l.html
42,chateau-haut-bages-monpelou-cru-bourgeois-rotwein-trocken-0-75-l.html
1231,chateau-baret-appellation-controlee-rotwein-trocken-0-75-l.html
1119,clos-nardian-st-aubin-de-branne-appellation-controlee-weisswein-trocken-0-75-l-411.html
1783,chateau-leoville-las-cases-deuxieme-cru-classe-rotwein-trocken-0-75-l.html
358,chateau-clinet-appellation-controlee-rotwein-trocken-0-75-l.html
16,clos-des-princes-grand-cru-classe-rotwein-trocken-0-75-l.html
161,chateau-certan-de-may-appellation-controlee-rotwein-trocken-0-75-l-816.html
37,chateau-phelan-segur-cru-bourgeois-exceptionnel-rotwein-trocken-0-75-l-947.html
155,chateau-vieux-robin-bois-de-lunier-cru-bourgeois-rotwein-trocken-0-75-l.html
1685,chateau-d-yquem-premier-cru-superieur-weisswein-edelsuess-0-75-l-795.html
885,domaine-de-chevalier-rouge-cru-classe-rotwein-trocken-0-75-l.html
1363,chateau-lagrange-magnumflasche-troisieme-cru-classe-rotwein-trocken-1-5-l.html
1111,chateau-d-yquem-premier-cru-superieur-weisswein-edelsuess-0-375-l.html
1347,chateau-beauregard-appellation-controlee-rotwein-trocken-0-75-l.html
941,chateau-guiraud-blanc-premier-cru-classe-weisswein-edelsuess-0-75-l-678.html
357,chateau-clinet-magnumflasche-appellation-controlee-rotwein-trocken-1-5-l.html
1754,clos-nardian-st-aubin-de-branne-appellation-controlee-weisswein-trocken-0-75-l.html
2136,bastian-spaetburgunder-rotwein-trocken-0-75-l.html
361,bickensohl-spaetburgunder-rotwein-trocken-0-75-l.html
2329,deinhard-spaetburgunder-rosewein-trocken-0-75-l.html
273,mayschoss-spaetburgunder-rotwein-halbtrocken-0-75-l.html
3553,montigny-blanc-de-noirs-weisswein-trocken-0-75-l.html
1755,mayschoss-spaetburgunder-rotwein-trocken-0-75-l.html
385,merdinger-attilafelsen-spaetburgunder-rotwein-mild-sueffig-1-l.html
1834,schneekloth-spaetburgunder-rotwein-trocken-0-75-l.html
4191,affentaler-traditionslinie-spaetburgunder-rotwein-halbtrocken-0-75-l.html
2188,antano-cosecha-rotwein-trocken-0-75-l.html
182,bio-zimmer-weisser-burgunder-weisswein-trocken-0-75-l.html
542,bio-saint-roche-blanc-du-gard-weisswein-trocken-0-75-l.html
568,bio-cotes-du-rhone-les-coudriers-rotwein-trocken-0-75-l.html
1168,bio-zimmer-regent-portugieser-rotwein-trocken-0-75-l.html
1977,bio-terra-sana-rotwein-trocken-0-75-l.html
2237,bio-clos-torribas-pinord-rotwein-trocken-0-75-l.html
2193,bio-gluehwein-rotwein-edelsuess-1-l.html
2398,bio-chianti-biovin-rotwein-trocken-0-75-l.html
2428,bio-chateau-beausejour-rotwein-trocken-0-75-l.html
3656,bio-tempranillo-rotwein-halbtrocken-0-75-l.html
4179,montigny-so-mookt-wi-dat-weisswein-halbtrocken-0-75-l.html
1143,schneekloth-grauer-burgunder-weisswein-trocken-0-75-l.html
1163,die-jungen-frank-n-mueller-thurgau-weisswein-trocken-0-75-l.html
1112,frechdachs-samtrot-rotwein-halbtrocken-0-75-l.html
414,hohenhaslacher-kirchberg-rotwein-halbtrocken-1-l.html
91,oppenheimer-kroetenbrunnen-weisswein-mild-sueffig-0-75-l.html
275,mayschoss-altenahrer-klosterberg-rotwein-mild-sueffig-0-75-l.html
2144,divino-weisswein-edelsuess-0-75-l.html
2141,schneekloth-cotes-du-rhone-rotwein-trocken-0-75-l.html
516,mission-st-vincent-blanc-weisswein-trocken-0-75-l.html
3869,caprice-de-colombelle-rosewein-trocken-0-75-l.html
3438,duc-de-termes-saint-mont-rotwein-trocken-0-75-l.html
6486,despagne-parcelle-b-227-blanc-trocken-0-75-l.html
623,chateau-tour-de-mirambeau-rotwein-trocken-0-75-l.html
1572,j-p-chenet-cabernet-syrah-bag-in-box-rotwein-trocken-3-l.html
2414,chateau-ausone-premier-grand-cru-classe-a-rotwein-trocken-0-75-l.html
5896,chateau-cheval-blanc-1-grand-cru-clas-a-rotwein-trocken-0-75-l.html
456,chateau-belingard-monbazillac-weisswein-edelsuess-0-75-l.html
6541,maison-schroeder-schyler-sauternes-weisswein-edelsuess-0-5-l.html
2273,chateau-guiraud-blanc-appellation-controlee-weisswein-edelsuess-0-75-l.html
3295,chateau-d-yquem-premier-cru-superieur-weisswein-edelsuess-0-75-l-796.html
392,primitivo-salento-col-de-sotto-rotwein-trocken-0-75-l.html
2199,orvieto-classico-la-carraia-weisswein-trocken-0-75-l.html
3654,lugana-selva-capuzza-weisswein-trocken-0-75-l.html
2145,papale-primitivo-di-mandura-rotwein-trocken-0-75-l.html
3444,carpineto-chianti-classico-riserva-rotwein-trocken-0-75-l.html
1687,viala-sweet-rosato-rosewein-lieblich-0-75-l.html
2148,chicca-primitivo-di-manduria-dolce-naturale-rotwein-edelsuess-0-75-l.html
2456,tenuta-marcati-amarone-della-valpolicella-rotwein-trocken-0-75-l.html
656,cavicchioli-lambrusco-dolce-di-salamino-rotwein-lieblich-0-75-l.html
6525,marques-de-caceres-gaudium-gran-vino-rotwein-trocken-0-75-l.html
1851,freixenet-mederano-tinto-rotwein-lieblich-0-75-l.html
1874,castillo-don-daniel-gran-reserva-rotwein-trocken-0-75-l.html
1332,amselkeller-rotwein-lieblich-0-75-l.html
1123,clos-de-torribas-crianza-pinord-rotwein-trocken-0-75-l.html
6441,opus-one-quality-wine-of-origin-rotwein-trocken-0-75-l.html
765,sutter-home-zinfandel-rotwein-trocken-0-75-l.html
2118,gallo-zinfandel-rotwein-trocken-0-75-l.html
4225,sunset-canyon-zinfandel-rose-rosewein-halbtrocken-0-75-l.html
2116,gallo-grenache-rosewein-lieblich-0-75-l.html
4224,sunset-canyon-ruby-cabernet-rotwein-trocken-0-75-l.html
4189,australian-bush-chardonnay-colombard-weisswein-trocken-0-75-l.html
518,penfolds-rawsons-s-retreat-shiraz-cabernet-rotwein-trocken-0-75-l.html
1712,big-fat-llama-merlot-rotwein-trocken-0-75-l.html
1714,la-capitana-carmenere-reserva-rotwein-trocken-0-75-l.html
1716,la-palma-carmenere-rotwein-trocken-0-75-l.html
1738,la-palma-merlot-rotwein-trocken-0-75-l.html
1913,cavino-nemea-agiorgitiko-rotwein-trocken-0-75-l.html
3366,cavino-imixiros-rotwein-halbtrocken-0-75-l.html
1892,cavino-deus-imiglikos-nemea-rotwein-lieblich-0-75-l.html
5857,cavino-deus-imiglikos-cabernet-sauvignon-merlot-rotwein-lieblich-1-l.html
2352,schneekloth-blauer-zweigelt-rotwein-trocken-0-75-l.html
696,lenz-moser-gruener-veltliner-weisswein-trocken-1-l.html
1246,lenz-moser-blaufraenkisch-selection-rotwein-trocken-0-75-l.html
742,lenz-moser-blaufraenkisch-rotwein-trocken-1-l.html
3485,zeiselberg-gruener-veltliner-weisswein-trocken-0-75-l.html
3247,sul-south-rotwein-trocken-0-75-l.html
1938,astrolabium-reserva-rotwein-trocken-0-75-l.html
2397,patamar-reserva-douro-rotwein-trocken-0-75-l.html
3988,maria-mansa-rotwein-trocken-0-75-l.html
686,noval-fine-ruby-port-portwein-edelsuess-0-75-l.html
1329,golden-kaan-sauvignon-blanc-weisswein-trocken-0-75-l.html
1298,golden-kaan-shiraz-rotwein-trocken-0-75-l.html
3566,suedafrika-zebra-collection-shiraz-rotwein-trocken-0-75-l.html
1151,bag-in-box-stony-cape-weisswein-trocken-3-l.html
2393,stony-cape-bag-in-box-rosewein-trocken-3-l.html
2392,stony-cape-bag-in-box-rotwein-trocken-3-l.html
425,vin-blanc-weisswein-trocken-1-l.html
274,mayschoss-riesling-weisswein-halbtrocken-0-75-l.html
3325,traubenraeuber-weisswein-trocken-0-75-l.html
6389,schneekloth-riesling-mosel-auslese-weisswein-trocken-0-75-l.html
3595,montigny-bacchus-engelstadter-adelpfad-weisswein-lieblich-0-75-l.html
1975,chateau-les-roques-cuvee-frantz-appellation-controlee-weisswein-edelsuess-0-75-l.html
3939,le-blanc-de-camarsac-weisswein-trocken-0-75-l.html
516,mission-st-vincent-blanc-weisswein-trocken-0-75-l.html
437,chateau-tour-de-mirambeau-sauvignon-blanc-weisswein-trocken-0-75-l.html
451,sancerre-apud-sariacum-weisswein-trocken-0-75-l.html
456,chateau-belingard-monbazillac-weisswein-edelsuess-0-75-l.html
428,chablis-josselin-aus-dem-spitzenhaus-laroche-weisswein-trocken-0-75-l.html
426,caprice-de-colombelle-blanc-weisswein-trocken-0-75-l.html
542,bio-saint-roche-blanc-du-gard-weisswein-trocken-0-75-l.html
488,antinori-santa-cristina-weisswein-trocken-0-75-l.html
1689,villa-antinori-weisswein-trocken-0-75-l.html
1324,freixenet-mederano-blanco-weisswein-halbtrocken-0-75-l.html
693,casal-garcia-vinho-verde-weisswein-trocken-0-75-l.html
6763,casal-garcia-vinho-verde-weisswein-trocken-0-75-l.html
6762,neos-imiglikos-weisswein-lieblich-0-75-l.html
3485,zeiselberg-gruener-veltliner-weisswein-trocken-0-75-l.html
1247,lenz-moser-gruener-veltliner-prestige-weisswein-trocken-0-75-l.html
3539,austrian-pepper-gruener-veltliner-weisswein-trocken-0-75-l.html
1613,fendant-du-valais-alpes-weisswein-trocken-0-75-l.html
759,donauherbst-gewuerztraminer-weisswein-lieblich-0-75-l.html
751,muskat-ottonel-weisswein-edelsuess-0-75-l.html
755,graf-karolyi-weisswein-trocken-0-75-l.html
2346,donauherbst-pinot-grigio-weisswein-lieblich-0-75-l.html
247,gruener-veltliner-weisswein-halbtrocken-1-l.html
1899,yellow-tail-chardonnay-weisswein-trocken-0-75-l.html
785,sutter-home-chardonnay-weisswein-trocken-0-75-l.html
1151,bag-in-box-stony-cape-weisswein-trocken-3-l.html
727,sutter-home-sauvignon-blanc-weisswein-trocken-0-75-l.html
1329,golden-kaan-sauvignon-blanc-weisswein-trocken-0-75-l.html
734,naredo-weisswein-mild-sueffig-0-75-l.html
6643,swing-hugo.html
1615,wilhelm-walch-kalterer-see-auslese-rotwein-trocken-0-75-l.html
574,chateauneuf-du-pape-rotwein-trocken-0-75-l.html
6484,despagne-entr-amis-weisswein-lieblich-0-75-l.html
3596,montigny-gewuerztraminer-bretzenheimer-vogelsang-weisswein-edelsuess-0-75-l.html
3652,montigny-bons-amis-weisswein-trocken-0-75-l.html
3554,montigny-weisser-burgunder-kreuznacher-hinkelstein-weisswein-trocken-0-75-l.html
437,chateau-tour-de-mirambeau-sauvignon-blanc-weisswein-trocken-0-75-l.html
3939,le-blanc-de-camarsac-weisswein-trocken-0-75-l.html
654,chianti-riserva-rotwein-trocken-0-75-l.html
6778,wild-senses-rotwein-lieblich-0-75-l.html
1731,schneekloth-dornfelder-holzfassreife-rotwein-trocken-0-75-l.html
6265,schneekloth-merlot-im-barrique-gereift-rotwein-trocken-0-75-l.html
412,wuerttemberger-trollinger-rotwein-halbtrocken-1-l.html
1755,mayschoss-spaetburgunder-rotwein-trocken-0-75-l.html
1918,lauffener-katzenbeisser-schwarz-weiss-schwarzriesling-rotwein-trocken-0-75-l.html
1231,chateau-baret-appellation-controlee-rotwein-trocken-0-75-l.html
591,chateau-valade-rotwein-trocken-0-75-l.html
3438,duc-de-termes-saint-mont-rotwein-trocken-0-75-l.html
2429,madiran-terroirs-de-tilhet-rotwein-trocken-0-75-l.html
568,bio-cotes-du-rhone-les-coudriers-rotwein-trocken-0-75-l.html
1686,chianti-classico-gallo-nero-castello-di-uzzano-rotwein-trocken-0-75-l.html
652,st-gottardi-chianti-rotwein-trocken-0-75-l.html
2398,bio-chianti-biovin-rotwein-trocken-0-75-l.html
1327,freixenet-mederano-tinto-rotwein-halbtrocken-0-75-l.html
242,campo-viejo-rotwein-trocken-0-75-l.html
6728,marques-de-caceres-gran-reserva-rotwein-trocken-0-75-l-777.html
2397,patamar-reserva-douro-rotwein-trocken-0-75-l.html
3988,maria-mansa-rotwein-trocken-0-75-l.html
3247,sul-south-rotwein-trocken-0-75-l.html
1938,astrolabium-reserva-rotwein-trocken-0-75-l.html
1913,cavino-nemea-agiorgitiko-rotwein-trocken-0-75-l.html
6761,neos-imiglikos-rotwein-lieblich-0-75-l.html
6774,neos-nemea-reserve-rotwein-trocken-0-75-l.html
1246,lenz-moser-blaufraenkisch-selection-rotwein-trocken-0-75-l.html
742,lenz-moser-blaufraenkisch-rotwein-trocken-1-l.html
1611,dole-du-valais-alpes-rotwein-trocken-0-75-l.html
715,graf-karolyi-rotwein-trocken-0-75-l.html
756,donauherbst-blaufraenkisch-rotwein-lieblich-0-75-l.html
546,rosenfelder-rotwein-edelsuess-0-75-l.html
1279,amselfelder-rosiere-rotwein-lieblich-0-75-l.html
1896,yellow-tail-merlot-rotwein-trocken-0-75-l.html
2118,gallo-zinfandel-rotwein-trocken-0-75-l.html
1739,la-capitana-cabernet-sauvignon-reserva-rotwein-trocken-0-75-l.html
1299,golden-kaan-merlot-rotwein-trocken-0-75-l.html
699,schneekloth-s-holsteiner-gluehpunsch-mit-rum-rotwein-edelsuess-1-l.html
685,schneekloth-s-gluehwein-gluehwein-edelsuess-1-l.html
2193,bio-gluehwein-rotwein-edelsuess-1-l.html
735,naredo-rotwein-mild-sueffig-0-75-l.html
1614,chateau-pey-la-tour-rotwein-trocken-0-75-l.html
3873,schneekloth-corsica-nielluccio-merlot-rotwein-trocken-0-75-l.html
81,schneekloth-blauer-spaetburgunder-rotwein-halbtrocken-0-75-l.html
2348,chateau-le-chatelet-grand-cru-classe-rotwein-trocken-0-75-l.html
3615,chateau-cheval-blanc-premier-grand-cru-classe-a-rotwein-trocken-0-75-l-687.html
412,wuerttemberger-trollinger-rotwein-halbtrocken-1-l.html
488,antinori-santa-cristina-weisswein-trocken-0-75-l.html
6644,swing-sprizz.html
479,schneekloth-renommee-vin-de-pays-rosewein-trocken-1-l.html
112,j-p-chenet-grenache-cinsault-rosewein-trocken-0-75-l.html
6387,schneekloth-baronne-syrah-rose-rosewein-trocken-0-75-l.html
3655,bio-st-gottardi-bardolino-chiaretto-rosewein-trocken-0-75-l.html
2386,st-gottardi-bardolino-chiaretto-rosewein-trocken-0-75-l.html
6597,la-palma-rosewein-trocken-0-75-l.html
2329,deinhard-spaetburgunder-rosewein-trocken-0-75-l.html
3869,caprice-de-colombelle-rosewein-trocken-0-75-l.html
3121,schneekloth-spaetburgunder-rosewein-trocken-0-75-l.html
6779,brise-marine-rosewein-trocken-0-75-l.html
494,jas-des-ginestes-rosewein-trocken-1-l.html
3591,montigny-spaetburgunder-rose-rosewein-trocken-0-75-l.html
2393,stony-cape-bag-in-box-rosewein-trocken-3-l.html
6616,montigny-so-mookt-wi-dat-rosewein-trocken-0-75-l.html
3871,grand-sud-merlot-rosewein-halbtrocken-1-l.html
1727,schneekloth-dornfelder-rosewein-halbtrocken-0-75-l.html
2347,freixenet-mederano-rosado-rosewein-halbtrocken-0-75-l.html
4195,die-jungen-frank-n-rotling-rosewein-halbtrocken-0-75-l.html
3558,montigny-cuvee-rose-rosewein-halbtrocken-0-75-l.html
6814,montigny-cuvee-rose-rosewein-halbtrocken-0-75-l-863.html
79,schneekloth-portugieser-weissherbst-rosewein-lieblich-1-l.html
4225,sunset-canyon-zinfandel-rose-rosewein-halbtrocken-0-75-l.html
1687,viala-sweet-rosato-rosewein-lieblich-0-75-l.html
485,rose-d-anjou-rosewein-lieblich-0-75-l.html
5839,weight-watchers-portugieser-rosewein-lieblich-0-75-l.html
2116,gallo-grenache-rosewein-lieblich-0-75-l.html
239,schneekloth-duerkheimer-feuerberg-rosewein-mild-sueffig-1-l.html
774,schloss-kronsburg-alkoholfrei-rosewein-mild-sueffig-0-75-l.html
373,rotling-rose-mild-sueffig-1-l.html
6653,wuerttemberger-trollinger-frosted-bottle-rosewein-suess-edelsuess-0-75-l.html
3558,montigny-cuvee-rose-rosewein-halbtrocken-0-75-l.html
3591,montigny-spaetburgunder-rose-rosewein-trocken-0-75-l.html
6814,montigny-cuvee-rose-rosewein-halbtrocken-0-75-l-863.html
494,jas-des-ginestes-rosewein-trocken-1-l.html
3869,caprice-de-colombelle-rosewein-trocken-0-75-l.html
485,rose-d-anjou-rosewein-lieblich-0-75-l.html
6779,brise-marine-rosewein-trocken-0-75-l.html
1687,viala-sweet-rosato-rosewein-lieblich-0-75-l.html
2386,st-gottardi-bardolino-chiaretto-rosewein-trocken-0-75-l.html
2347,freixenet-mederano-rosado-rosewein-halbtrocken-0-75-l.html
2393,stony-cape-bag-in-box-rosewein-trocken-3-l.html
2116,gallo-grenache-rosewein-lieblich-0-75-l.html
6644,swing-sprizz.html
494,jas-des-ginestes-rosewein-trocken-1-l.html
6779,brise-marine-rosewein-trocken-0-75-l.html
2228,chateau-chadenne-appellation-controlee-rotwein-trocken-0-75-l.html
523,mission-st-vincent-rouge-rotwein-trocken-0-75-l.html
4143,moet-chandon-brut-imperial-0-75-l.html
4142,lanson-champagner-rose-label-0-75-l.html
963,philip-jahrgangs-sekt-dry-trocken-0-75-l.html
1911,brut-d-argent-chardonnay-sekt-blanc-de-blancs-trocken-0-75-l.html
1276,schloss-vaux-riesling-sekt-brut-trocken-0-75-l.html
6676,schloss-vaux-riesling-sekt-brut-trocken-0-75-l.html
6163,bottega-sekt-gold-trocken-0-75-l.html
4141,lanson-champagner-black-label-trocken-0-75-l.html
4144,veuve-cliquot-brut-trocken-0-75-l.html
6164,bottega-sekt-gold-magnum-trocken-1-5-l.html
6165,bottega-petalo-moscato-il-vino-dell-amore-sekt-lieblich-0-75-l.html
6676,bottega-petalo-moscato-il-vino-dell-amore-sekt-lieblich-0-75-l.html
963,philip-jahrgangs-sekt-dry-trocken-0-75-l.html
4141,lanson-champagner-black-label-trocken-0-75-l.html
4143,moet-chandon-brut-imperial-0-75-l.html
4144,veuve-cliquot-brut-trocken-0-75-l.html
6165,bottega-petalo-moscato-il-vino-dell-amore-sekt-lieblich-0-75-l.html
6163,bottega-sekt-gold-trocken-0-75-l.html
4142,lanson-champagner-rose-label-0-75-l.html
4144,veuve-cliquot-brut-trocken-0-75-l.html
4143,moet-chandon-brut-imperial-0-75-l.html
4141,lanson-champagner-black-label-trocken-0-75-l.html
2455,tenuta-marcati-valpolicella-superiore-rotwein-trocken-0-75-l.html
585,lacroix-rotwein-trocken-0-75-l.html
688,sherry-pasada-pedro-rodriguez-amontillado-medium-15-vol-halbtrocken-0-75-l.html
689,sherry-pasada-pedro-rodriguez-cream-15-vol-lieblich-0-75-l.html
686,noval-fine-ruby-port-portwein-edelsuess-0-75-l.html
6371,quinta-do-noval-port-5x-kleinflasche.html
1848,quinta-do-noval-silval-vintage-port-989.html
6211,quinta-do-noval-silval-vintage-port-992.html
6214,quinta-do-noval-silval-vintage-port-990.html
1847,quinta-do-noval-silval-vintage-port.html
6213,quinta-do-noval-silval-vintage-port-993.html
6215,quinta-do-noval-vintage-port-1097.html
6212,quinta-do-noval-vintage-port-1100.html
688,sherry-pasada-pedro-rodriguez-amontillado-medium-15-vol-halbtrocken-0-75-l.html
689,sherry-pasada-pedro-rodriguez-cream-15-vol-lieblich-0-75-l.html
686,noval-fine-ruby-port-portwein-edelsuess-0-75-l.html
6371,quinta-do-noval-port-5x-kleinflasche.html
6371,quinta-do-noval-port-5x-kleinflasche.html
3595,montigny-bacchus-engelstadter-adelpfad-weisswein-lieblich-0-75-l.html
611,collection-le-pradier-schlossabfuellung-rotwein-trocken-0-75-l.html
419,chateau-de-ribebon-rotwein-trocken-0-75-l.html
3952,geschenkkarton-montigny-scala-gruen-fuer-1-flasche.html
3953,geschenktuete-montigny-scala-gruen-fuer-1-flasche.html
3954,geschenkkarton-montigny-scala-gruen-fuer-2-flaschen.html
5696,rosenthal-praesent-set-fuer-rotwein.html
5697,rosenthal-praesent-set-fuer-weisswein.html
5698,rosenthal-praesent-set-fuer-champagner-sekt.html
5965,geschenkkarton-gute-freunde.html
5977,geschenkkarton-feuerzangenbowle.html
5978,geschenkkarton-papale-und-linguine.html
5982,geschenkkarton-dreh-raus.html
6183,geschenkkarton-dreh-raus.html
6391,gk-dogajolo-rot-weiss-2-flaschen.html
6548,geschenkkiste-chateau-croix-du-rival.html
6551,geschenkkarton-drei-franzosen.html
6648,geschenkkarton-st-gottardi-chianti.html
6677,rosenthal-praesent-set-mit-1-flasche-bottega-petalo-moscato-il-vino-dell-amore.html
6711,rosenthal-praesent-set-mit-1-flasche-cremant-de-bourgogne-brut.html
6717,rosenthal-praesent-set-mit-1-flasche-montigny-secco.html
6722,rosenthal-praesent-set-mit-1-flasche-lacroix.html
6724,rosenthal-praesent-set-mit-1-flasche-tatu.html
6389,schneekloth-riesling-mosel-auslese-weisswein-trocken-0-75-l.html
1936,kieler-sprotte-aquavit-geschenkpackung-1-flasche-0-04-l-1-glas.html
6733,grappa-di-prosecco-uve-d-alexander-38-vol-200ml.html
1161,y2k-wodka-lemon-40-vol-0-5-l.html
1162,y2k-wodka-vanilla-40-vol-0-5-l.html
1181,siebenmaerker-drei-ratsherren-weinbrand-0-7-l.html
1193,siebenmaerker-kieler-kuemmel-0-7-l.html
2433,siebenmaerker-kieler-kraeuter-30-vol-0-7-l.html
1173,siebenmaerker-royal-40-jamaika-rum-verschnitt-40-vol-0-7-l.html
1452,y2k-wodka-original-40-vol-0-7-l.html
1584,bottega-limoncino-alla-grappa-30-vol-0-5-l.html
996,grappa-alexander-di-chardonnay-cubetto-38-vol-0-1-l.html
2287,jahnke-salz-lakritz-likoer-30-vol-0-7-l.html
1176,siebenmaerker-royal-54-jamaika-rum-verschnitt-54-vol-0-7-l.html
6162,bottega-latte-macchiato-cream-liqueur-0-5-l.html
1533,kieler-sprotte-aquavit-43-vol-0-7-l.html
6175,havana-club-3-jahre-40-0-7-l.html
6444,y2k-wodka-original-40-vol-1-0.html
991,grappa-alexander-bianca-gruene-flasche-38-vol-0-7-l.html
6161,distilleria-bottega-grappa-fiasco-chianti-bastflasche-38-0-vol-0-7-l.html
1929,kieler-sprotte-aquavit-geschenkkiste-1-flasche-0-7-l-mit-2-glaesern.html
999,grappa-alexander-di-moscato-38-vol-0-7-l.html
995,grappa-di-cabernet-uve-d-alexander-38-vol-0-7-l.html
1935,kieler-sprotte-aquavit-geschenkset-1-flasche-0-7-l-4-glaeser.html
6539,montigny-gewuerztraminer-tresterbrand-42-vol-0-35-l.html
4138,havana-club-7-jahre-0-7-l.html
6159,grappa-alexander-exquisite-unboxed-38-0-vol-0-7-l.html
992,grappa-alexander-di-chardonnay-discovery-38-vol-0-35-l.html
998,grappa-alexander-rhytm-n-blues-38-vol-0-5-l.html
6539,montigny-gewuerztraminer-tresterbrand-42-vol-0-35-l.html
991,grappa-alexander-bianca-gruene-flasche-38-vol-0-7-l.html
6161,distilleria-bottega-grappa-fiasco-chianti-bastflasche-38-0-vol-0-7-l.html
1584,bottega-limoncino-alla-grappa-30-vol-0-5-l.html
995,grappa-di-cabernet-uve-d-alexander-38-vol-0-7-l.html
998,grappa-alexander-rhytm-n-blues-38-vol-0-5-l.html
1936,kieler-sprotte-aquavit-geschenkpackung-1-flasche-0-04-l-1-glas.html
1929,kieler-sprotte-aquavit-geschenkkiste-1-flasche-0-7-l-mit-2-glaesern.html
1935,kieler-sprotte-aquavit-geschenkset-1-flasche-0-7-l-4-glaeser.html
1193,siebenmaerker-kieler-kuemmel-0-7-l.html
1533,kieler-sprotte-aquavit-43-vol-0-7-l.html
1181,siebenmaerker-drei-ratsherren-weinbrand-0-7-l.html
1173,siebenmaerker-royal-40-jamaika-rum-verschnitt-40-vol-0-7-l.html
6175,havana-club-3-jahre-40-0-7-l.html
4138,havana-club-7-jahre-0-7-l.html
1176,siebenmaerker-royal-54-jamaika-rum-verschnitt-54-vol-0-7-l.html
6444,y2k-wodka-original-40-vol-1-0.html
1162,y2k-wodka-vanilla-40-vol-0-5-l.html
1161,y2k-wodka-lemon-40-vol-0-5-l.html
1452,y2k-wodka-original-40-vol-0-7-l.html
2287,jahnke-salz-lakritz-likoer-30-vol-0-7-l.html
2433,siebenmaerker-kieler-kraeuter-30-vol-0-7-l.html
6162,bottega-latte-macchiato-cream-liqueur-0-5-l.html
6539,montigny-gewuerztraminer-tresterbrand-42-vol-0-35-l.html
991,grappa-alexander-bianca-gruene-flasche-38-vol-0-7-l.html
6159,grappa-alexander-exquisite-unboxed-38-0-vol-0-7-l.html
1929,kieler-sprotte-aquavit-geschenkkiste-1-flasche-0-7-l-mit-2-glaesern.html
1584,bottega-limoncino-alla-grappa-30-vol-0-5-l.html
995,grappa-di-cabernet-uve-d-alexander-38-vol-0-7-l.html
6162,bottega-latte-macchiato-cream-liqueur-0-5-l.html
2433,siebenmaerker-kieler-kraeuter-30-vol-0-7-l.html
1533,kieler-sprotte-aquavit-43-vol-0-7-l.html
6175,havana-club-3-jahre-40-0-7-l.html
4138,havana-club-7-jahre-0-7-l.html
1176,siebenmaerker-royal-54-jamaika-rum-verschnitt-54-vol-0-7-l.html
3642,st-gottardi-collezione-privata-pinot-grigio-weisswein-trocken-0-75-l.html
3433,chateau-grand-barrail-lamarzelle-figeac-grand-cru-classe-rotwein-trocken-0-75-l.html
1927,kieler-sprotte-tasche.html
5694,pulltap-s-kellnermesser-schwarz.html
5772,rosenthal-rotweinkelch-6er-set.html
4163,varvino-poseclip-6er-set.html
4168,flaschenkuehler-metall.html
4175,laguiole-kellnermesser-horn-weiss.html
5695,champagner-stopper-in-schwarzer-geschenkbox.html
5699,rosenthal-dekanter.html
5769,rosenthal-weissweinglas-6er-set.html
593,roc-du-bel-air-rotwein-trocken-0-75-l.html
6146,chateau-pichon-longueville-comtesse-de-lalande-deuxieme-cru-classe-rotwein-trocken-0-75-l-758.html
6114,chateau-lynch-bages-cinquieme-cru-classe-rotwein-trocken-0-75-l.html
5918,chateau-pichon-longueville-baron.html
238,schneekloth-pfaelzer-landwein-weisswein-halbtrocken-1-l.html
129,schneekloth-gewuerztraminer-weisswein-mild-sueffig-0-75-l.html
6796,bio-theodorus-riesling-hochgewaechs-weisswein-trocken-0-75-l.html
373,rotling-rose-mild-sueffig-1-l.html
666,brunellesco-soave-weisswein-trocken-0-75-l.html
3437,duc-de-termes-saint-mont-weisswein-trocken-0-75-l.html
772,duc-de-termes-saint-mont-weisswein-trocken-0-75-l.html
3122,schneekloth-gutedel-weisswein-trocken-1-l.html
3363,divino-rivaner-weisswein-trocken-0-75-l.html
1164,silvaner-weisswein-trocken-0-75-l.html
2143,nordheimer-voegelein-weisswein-trocken-0-75-l.html
1278,schneekloth-pinot-grigio-weisswein-trocken-0-75-l.html
2297,schneekloth-riesling-nahe-auslese-weisswein-trocken-0-75-l.html
3555,montigny-grauer-burgunder-bretzenheimer-vogelsang-weisswein-trocken-0-75-l.html
3648,montigny-ornament-weisser-burgunder-kreuznacher-hinkelstein-weisswein-trocken-0-75-l.html
63,schneekloth-rivaner-nahe-weisswein-halbtrocken-0-75-l.html
3942,schneekloth-scheurebe-weisswein-halbtrocken-0-75-l.html
1835,schneekloth-bacchus-weisswein-lieblich-0-75-l.html
1981,schneekloth-riesling-weisswein-lieblich-0-75-l-300.html
6797,bio-theodorus-grauer-burgunder-kirchenstueck-weisswein-trocken-0-75-l.html
77,schneekloth-mueller-thurgau-weisswein-trocken-1-l-845.html
269,schneekloth-grauer-burgunder-weisswein-trocken-1-l.html
3651,montigny-cuvee-weiss-weisswein-trocken-0-75-l.html
6231,montigny-secco-perlwein-trocken-0-75-l.html
72,schneekloth-mueller-thurgau-weisswein-halbtrocken-1-l.html
244,schneekloth-silvaner-weisswein-halbtrocken-1-l.html
187,mainzer-domherr-weisswein-lieblich-0-75-l.html
19,schneekloth-bornheimer-adelberg-spaetlese-weisswein-lieblich-0-75-l.html
241,schneekloth-scheurebe-weisswein-lieblich-1-l.html
181,schneekloth-albiger-schloss-hammerstein-weisswein-lieblich-0-75-l.html
165,schneekloth-albiger-petersberg-weisswein-mild-sueffig-0-75-l.html
198,schneekloth-bornheimer-adelberg-auslese-weisswein-edelsuess-0-75-l.html
3653,montigny-ornament-ortega-ober-hilbersheimer-moenchspforte-weisswein-edelsuess-0-375-l.html
6729,montigny-so-mookt-wi-dat-weisswein-halbtrocken-0-75-l-724.html
5838,weight-watchers-rivaner-riesling-weisswein-halbtrocken-0-75-l.html
386,bastian-endinger-vulkanfelsen-mueller-thurgau-weisswein-trocken-1-l.html
1154,schneekloth-chardonnay-weisswein-trocken-0-75-l.html
1143,schneekloth-grauer-burgunder-weisswein-trocken-0-75-l.html
1278,schneekloth-pinot-grigio-weisswein-trocken-0-75-l.html
3949,schneekloth-riesling-weisswein-trocken-0-75-l.html
1163,die-jungen-frank-n-mueller-thurgau-weisswein-trocken-0-75-l.html
3363,divino-rivaner-weisswein-trocken-0-75-l.html
3122,schneekloth-gutedel-weisswein-trocken-1-l.html
77,schneekloth-mueller-thurgau-weisswein-trocken-1-l-845.html
376,gottenheimer-attilafelsen-weisswein-trocken-1-l.html
1758,schneekloth-chardonnay-weisswein-trocken-0-75-l-724.html
269,schneekloth-grauer-burgunder-weisswein-trocken-1-l.html
1156,phil-secco-riesling-weisswein-trocken-0-75-l.html
1164,silvaner-weisswein-trocken-0-75-l.html
1142,bickensohl-grauer-burgunder-weisswein-trocken-0-75-l.html
2142,bio-der-trockene-badener-weisswein-trocken-0-75-l.html
3556,montigny-classic-riesling-weisswein-trocken-0-75-l.html
3651,montigny-cuvee-weiss-weisswein-trocken-0-75-l.html
6389,schneekloth-riesling-mosel-auslese-weisswein-trocken-0-75-l.html
365,bastian-grauer-burgunder-weisswein-trocken-0-75-l.html
182,bio-zimmer-weisser-burgunder-weisswein-trocken-0-75-l.html
2297,schneekloth-riesling-nahe-auslese-weisswein-trocken-0-75-l.html
2143,nordheimer-voegelein-weisswein-trocken-0-75-l.html
348,buergerspital-zum-heiligen-geist-gutswein-riesling-weisswein-trocken-0-75-l.html
3554,montigny-weisser-burgunder-kreuznacher-hinkelstein-weisswein-trocken-0-75-l.html
3325,traubenraeuber-weisswein-trocken-0-75-l.html
3646,montigny-chardonnay-kreuznacher-st-martin-weisswein-trocken-0-75-l.html
3555,montigny-grauer-burgunder-bretzenheimer-vogelsang-weisswein-trocken-0-75-l.html
6231,montigny-secco-perlwein-trocken-0-75-l.html
3553,montigny-blanc-de-noirs-weisswein-trocken-0-75-l.html
3594,montigny-sauvignon-blanc-engelstadter-roemerberg-weisswein-trocken-0-75-l.html
213,mumm-riesling-weisswein-trocken-1-l.html
6796,bio-theodorus-riesling-hochgewaechs-weisswein-trocken-0-75-l.html
3874,kloster-eberbach-rauenthaler-riesling-weisswein-trocken-0-75-l.html
6797,bio-theodorus-grauer-burgunder-kirchenstueck-weisswein-trocken-0-75-l.html
3649,montigny-ornament-riesling-monzinger-fruehlingsplaetzchen-weisswein-trocken-0-75-l.html
3648,montigny-ornament-weisser-burgunder-kreuznacher-hinkelstein-weisswein-trocken-0-75-l.html
3647,montigny-ornament-chardonnay-barrique-kreuznacher-st-martin-weisswein-trocken-0-75-l.html
231,schloss-johannisberger-gelblack-weisswein-trocken-0-75-l.html
3652,montigny-bons-amis-weisswein-trocken-0-75-l.html
238,schneekloth-pfaelzer-landwein-weisswein-halbtrocken-1-l.html
72,schneekloth-mueller-thurgau-weisswein-halbtrocken-1-l.html
63,schneekloth-rivaner-nahe-weisswein-halbtrocken-0-75-l.html
1337,deinhard-riesling-weisswein-halbtrocken-0-75-l.html
1717,schneekloth-riesling-feinherb-weisswein-0-75-l.html
3942,schneekloth-scheurebe-weisswein-halbtrocken-0-75-l.html
166,schneekloth-weisser-burgunder-weisswein-halbtrocken-0-75-l.html
74,schneekloth-bacchus-weisswein-halbtrocken-1-l.html
244,schneekloth-silvaner-weisswein-halbtrocken-1-l.html
5838,weight-watchers-rivaner-riesling-weisswein-halbtrocken-0-75-l.html
416,wuerttemberger-riesling-weisswein-halbtrocken-1-l.html
274,mayschoss-riesling-weisswein-halbtrocken-0-75-l.html
214,mumm-riesling-feinherb-weisswein-1-l.html
3561,montigny-riesling-feinherb-weisswein-0-75-l.html
225,mumm-ruedesheimer-berg-roseneck-weisswein-halbtrocken-0-75-l.html
4179,montigny-so-mookt-wi-dat-weisswein-halbtrocken-0-75-l.html
6729,montigny-so-mookt-wi-dat-weisswein-halbtrocken-0-75-l-724.html
187,mainzer-domherr-weisswein-lieblich-0-75-l.html
1835,schneekloth-bacchus-weisswein-lieblich-0-75-l.html
19,schneekloth-bornheimer-adelberg-spaetlese-weisswein-lieblich-0-75-l.html
241,schneekloth-scheurebe-weisswein-lieblich-1-l.html
181,schneekloth-albiger-schloss-hammerstein-weisswein-lieblich-0-75-l.html
1757,schneekloth-riesling-weisswein-lieblich-0-75-l.html
1981,schneekloth-riesling-weisswein-lieblich-0-75-l-300.html
3595,montigny-bacchus-engelstadter-adelpfad-weisswein-lieblich-0-75-l.html
91,oppenheimer-kroetenbrunnen-weisswein-mild-sueffig-0-75-l.html
165,schneekloth-albiger-petersberg-weisswein-mild-sueffig-0-75-l.html
772,schneekloth-albiger-petersberg-weisswein-mild-sueffig-0-75-l.html
129,schneekloth-gewuerztraminer-weisswein-mild-sueffig-0-75-l.html
198,schneekloth-bornheimer-adelberg-auslese-weisswein-edelsuess-0-75-l.html
3596,montigny-gewuerztraminer-bretzenheimer-vogelsang-weisswein-edelsuess-0-75-l.html
3597,montigny-riesling-bretzenheimer-vogelsang-weisswein-edelsuess-0-75-l.html
3653,montigny-ornament-ortega-ober-hilbersheimer-moenchspforte-weisswein-edelsuess-0-375-l.html
2144,divino-weisswein-edelsuess-0-75-l.html
221,schloss-johannisberger-blaulack-eiswein-weisswein-edelsuess-0-375-l.html
693,casal-garcia-vinho-verde-weisswein-trocken-0-75-l.html
696,lenz-moser-gruener-veltliner-weisswein-trocken-1-l.html
3539,austrian-pepper-gruener-veltliner-weisswein-trocken-0-75-l.html
1247,lenz-moser-gruener-veltliner-prestige-weisswein-trocken-0-75-l.html
3485,zeiselberg-gruener-veltliner-weisswein-trocken-0-75-l.html
6621,marlborough-sauvignon-blanc-hans-greyl-weisswein-trocken-0-75-l.html
4223,sunset-canyon-chardonnay-weisswein-trocken-0-75-l.html
4189,australian-bush-chardonnay-colombard-weisswein-trocken-0-75-l.html
785,sutter-home-chardonnay-weisswein-trocken-0-75-l.html
727,sutter-home-sauvignon-blanc-weisswein-trocken-0-75-l.html
1329,golden-kaan-sauvignon-blanc-weisswein-trocken-0-75-l.html
1744,la-palma-sauvignon-blanc-weisswein-trocken-0-75-l.html
4119,mc-guigan-estate-chardonnay-weisswein-trocken-0-75-l.html
1899,yellow-tail-chardonnay-weisswein-trocken-0-75-l.html
1151,bag-in-box-stony-cape-weisswein-trocken-3-l.html
519,penfolds-rawson-s-retreat-semillion-chardonnay-weisswein-trocken-0-75-l.html
6621,marlborough-sauvignon-blanc-hans-greyl-weisswein-trocken-0-75-l.html
774,schloss-kronsburg-alkoholfrei-rosewein-mild-sueffig-0-75-l.html
4195,die-jungen-frank-n-rotling-rosewein-halbtrocken-0-75-l.html
239,schneekloth-duerkheimer-feuerberg-rosewein-mild-sueffig-1-l.html
6616,montigny-so-mookt-wi-dat-rosewein-trocken-0-75-l.html
5839,weight-watchers-portugieser-rosewein-lieblich-0-75-l.html
6653,wuerttemberger-trollinger-frosted-bottle-rosewein-suess-edelsuess-0-75-l.html
2329,deinhard-spaetburgunder-rosewein-trocken-0-75-l.html
3121,schneekloth-spaetburgunder-rosewein-trocken-0-75-l.html
3591,montigny-spaetburgunder-rose-rosewein-trocken-0-75-l.html
6616,montigny-so-mookt-wi-dat-rosewein-trocken-0-75-l.html
1727,schneekloth-dornfelder-rosewein-halbtrocken-0-75-l.html
4195,die-jungen-frank-n-rotling-rosewein-halbtrocken-0-75-l.html
3558,montigny-cuvee-rose-rosewein-halbtrocken-0-75-l.html
6814,montigny-cuvee-rose-rosewein-halbtrocken-0-75-l-863.html
79,schneekloth-portugieser-weissherbst-rosewein-lieblich-1-l.html
5839,weight-watchers-portugieser-rosewein-lieblich-0-75-l.html
239,schneekloth-duerkheimer-feuerberg-rosewein-mild-sueffig-1-l.html
774,schloss-kronsburg-alkoholfrei-rosewein-mild-sueffig-0-75-l.html
373,rotling-rose-mild-sueffig-1-l.html
6653,wuerttemberger-trollinger-frosted-bottle-rosewein-suess-edelsuess-0-75-l.html
4143,moet-chandon-brut-imperial-0-75-l.html
4142,lanson-champagner-rose-label-0-75-l.html
1911,brut-d-argent-chardonnay-sekt-blanc-de-blancs-trocken-0-75-l.html
4141,lanson-champagner-black-label-trocken-0-75-l.html
4144,veuve-cliquot-brut-trocken-0-75-l.html
511,torres-sangre-de-toro-rotwein-trocken-0-75-l.html
1327,freixenet-mederano-tinto-rotwein-halbtrocken-0-75-l.html
5786,freixenet-mia-tinto-rotwein-halbtrocken-0-75-l.html
6727,marques-de-caceres-gran-reserva-rotwein-trocken-0-75-l-776.html
1873,castillo-don-daniel-reserva-tinto-rotwein-trocken-0-75-l.html
433,vina-albali-reserva-rotwein-trocken-0-75-l.html
434,vina-albali-gran-reserva-rotwein-trocken-0-75-l.html
1873,castillo-don-daniel-reserva-tinto-rotwein-trocken-0-75-l.html
2188,antano-cosecha-rotwein-trocken-0-75-l.html
1874,castillo-don-daniel-gran-reserva-rotwein-trocken-0-75-l.html
1123,clos-de-torribas-crianza-pinord-rotwein-trocken-0-75-l.html
433,vina-albali-reserva-rotwein-trocken-0-75-l.html
2237,bio-clos-torribas-pinord-rotwein-trocken-0-75-l.html
242,campo-viejo-rotwein-trocken-0-75-l.html
2191,antano-crianza-rotwein-trocken-0-75-l.html
511,torres-sangre-de-toro-rotwein-trocken-0-75-l.html
434,vina-albali-gran-reserva-rotwein-trocken-0-75-l.html
2192,antano-reserva-rotwein-trocken-0-75-l.html
6727,marques-de-caceres-gran-reserva-rotwein-trocken-0-75-l-776.html
6728,marques-de-caceres-gran-reserva-rotwein-trocken-0-75-l-777.html
6525,marques-de-caceres-gaudium-gran-vino-rotwein-trocken-0-75-l.html
3656,bio-tempranillo-rotwein-halbtrocken-0-75-l.html
1327,freixenet-mederano-tinto-rotwein-halbtrocken-0-75-l.html
5786,freixenet-mia-tinto-rotwein-halbtrocken-0-75-l.html
1332,amselkeller-rotwein-lieblich-0-75-l.html
1851,freixenet-mederano-tinto-rotwein-lieblich-0-75-l.html
529,chateau-de-laborde-rotwein-trocken-0-75-l.html
6495,despagne-parcelle-a-355-rouge-trocken-0-75-l.html
2189,mouton-cadet-rotwein-trocken-0-75-l.html
6254,chateau-tour-de-mirambeau-cuvee-passion-rotwein-trocken-0-75-l.html
2216,chateau-tour-de-mirambeau-rouge-grand-vin-appellation-controlee-rotwein-trocken-0-75-l.html
6374,chateau-la-pierriere-cuvee-du-fondateur-rotwein-trocken-0-75-l.html
2224,chateau-veyry-appellation-controlee-rotwein-trocken-0-75-l.html
6292,chateau-veyry-appellation-controlee-rotwein-trocken-0-75-l-781.html
6357,chateau-chadenne-appellation-controllee-rotwein-trocken-0-75-l.html
2419,chateau-cambon-la-pelouse-cru-bourgeois-rotwein-trocken-0-75-l.html
3431,chateau-cambon-la-pelouse-cru-bourgeois-rotwein-trocken-0-75-l-536.html
5929,chateau-cambon-la-pelouse.html
5939,chateau-citran-appellation-controlee-rotwein-trocken-0-75-l.html
3434,chateau-belgrave-cinquieme-cru-classe-rotwein-trocken-0-75-l-866.html
2416,chateau-belgrave-cinquieme-cru-classe-rotwein-trocken-0-75-l.html
3947,chateau-belgrave-cinquieme-cru-classe-rotwein-trocken-0-75-l-867.html
3264,chateau-cantemerle-cinquieme-cru-classe-rotwein-trocken-0-75-l.html
3868,chateau-cantemerle-cinquieme-cru-classe-rotwein-trocken-0-75-l-737.html
5893,chateau-belgrave-cinquieme-cru-classe-rotwein-trocken-0-75-l-868.html
5926,chateau-belgrave-cinquieme-cru-classe-rotwein-trocken-0-75-l-869.html
526,chateau-lagrange-rotwein-trocken-0-75-l.html
6546,chateau-croix-du-rival.html
6547,chateau-croix-du-rival-808.html
5848,chateau-prieure-lichine-appellation-contolee.html
5987,chateau-prieure-lichine-appellation-controlee-rotwein-trocken-0-75-l.html
3263,chateau-d-angludet-appellation-controlee-rotwein-trocken-0-75-l.html
2411,chateau-labegorce-cru-bourgeois-rotwein-trocken-0-75-l.html
3583,chateau-d-issan-troisieme-cru-classe-rotwein-trocken-0-75-l.html
2232,chateau-kirwan-troisieme-cru-classe-rotwein-trocken-0-75-l.html
5888,alter-ego-de-palmer-2-wein-chateau-palmer-appelation-contollee-rotwein-trocken-0-75-l.html
5919,chateau-kirwan-troisieme-cru-classe-rotwein-trocken-0-75-l-795.html
5924,alter-ego-de-palmer-2-wein-chateau-palmer.html
2281,chateau-palmer-appellation-controlee-rotwein-trocken-0-75-l.html
6142,chateau-palmer-troisieme-cru-classe-rotwein-trocken-0-75-l-755.html
5915,chateau-palmer-3-cru-classe-rotwein-trocken-0-75-l.html
3589,chateau-margaux-premier-cru-classe-rotwein-trocken-0-75-l.html
4128,chateau-margaux-premier-cru-classe-rotwein-trocken-0-75-l-636.html
5913,chateau-margaux-1-cru-classe-rotwein-trocken-0-75-l.html
6116,chateau-margaux.html
528,merrain-rouge-rotwein-trocken-0-75-l.html
514,chateau-la-gorce-cru-bourgeois-rotwein-trocken-0-75-l.html
2412,chateau-potensac-appellation-controlee-rotwein-trocken-0-75-l.html
2272,goulee-by-cos-d-estournel-appellation-controlee-rotwein-trocken-0-75-l.html
6148,chateau-potensac-appellation-controlee-rotwein-trocken-0-75-l-759.html
3267,chateau-maucaillou-cru-bourgeois-rotwein-trocken-0-75-l.html
3855,chateau-maucaillou-cru-bourgeois-rotwein-trocken-0-75-l-588.html
3269,chateau-poujeaux-appellation-controlee-rotwein-trocken-0-75-l.html
3266,chateau-chasse-spleen-appellation-controlee-rotwein-trocken-0-75-l.html
2997,chateau-haut-batailley-cinquieme-cru-classe-rotwein-trocken-0-75-l.html
3618,chateau-haut-batailley-cinquieme-cru-classe-rotwein-trocken-0-75-l-574.html
5898,chateau-d-armailhac-5-cru-classe-rotwein-trocken-0-75-l.html
5945,chateau-d-armailhac-cinquieme-cru-classe-rotwein-trocken-0-75-l.html
3275,chateau-grand-puy-lacoste-cinquieme-cru-classe-rotwein-trocken-0-75-l.html
5866,moulin-de-duhart-2-wein-chateau-duhart-milon-appellation-controlee-rotwein-trocken-0-75-l.html
3586,chateau-pichon-longueville-baron-deuxieme-cru-classe-rotwein-trocken-0-75-l.html
3587,chateau-pichon-longueville-comtesse-de-lalande-deuxieme-cru-classe-rotwein-trocken-0-75-l.html
6145,chateau-pichon-longueville-baron-deuxieme-cru-classe-rotwein-trocken-0-75-l-811.html
4129,chateau-mouton-rothschild-premier-cru-classe-rotwein-trocken-0-75-l.html
3265,chateau-carbonnieux-cru-classe-rotwein-trocken-0-75-l.html
2252,chateau-larrivet-haut-brion-appellation-controlee-rotwein-trocken-0-75-l-692.html
2426,chateau-larrivet-haut-brion-appellation-controlee-rotwein-trocken-0-75-l-693.html
3853,chateau-larrivet-haut-brion-appellation-controlee-rotwein-trocken-0-75-l-694.html
1348,chateau-haut-bailly-appellation-controlee-rotwein-trocken-0-75-l.html
2458,domaine-de-chevalier-rouge-cru-classe-rotwein-trocken-0-75-l-500.html
3854,chateau-smith-haut-lafitte-appellation-controlee-rotwein-trocken-0-75-l.html
5892,domaine-de-chevalier-1-cru-classe-rotwein-trocken-0-75-l.html
6151,chateau-smith-haut-lafitte.html
3624,chateau-haut-brion-1-cru-classe-rotwein-trocken-0-75-l-745.html
3324,chateau-de-valois-appellation-controlee-rotwein-trocken-0-75-l.html
5944,chateau-de-sales-appellation-controlee-rotwein-trocken-0-75-l.html
3859,chateau-certan-de-may-appellation-controlee-rotwein-trocken-0-75-l-817.html
3864,chateau-la-conseillante-appellation-controlee-rotwein-trocken-0-75-l-699.html
3429,chateau-l-eglise-clinet-appellation-controlee-rotwein-trocken-0-75-l.html
3298,chateau-la-conseillante-appellation-controlee-rotwein-trocken-0-75-l-698.html
5931,chateau-certan-de-may-appellation-controlee-rotwein-trocken-0-75-l-818.html
3478,chateau-teyssier-grand-cru-classe-rotwein-trocken-0-75-l-810.html
5923,chateau-teyssier-grand-cru-classe-rotwein-trocken-0-75-l-812.html
2268,clos-de-l-oratoire-grand-cru-classe-rotwein-trocken-0-75-l.html
2255,chateau-quinault-l-enclos-grand-cru-classe-rotwein-trocken-0-75-l.html
2223,chateau-le-chatelet-magnumflasche-grand-cru-classe-rotwein-trocken-1-5-l.html
4118,chateau-canon-la-gaffeliere-grand-cru-classe-rotwein-trocken-0-75-l-739.html
3585,chateau-canon-la-gaffeliere-grand-cru-classe-rotwein-trocken-0-75-l-738.html
2461,chateau-canon-la-gaffeliere-grand-cru-classe-rotwein-trocken-0-75-l-737.html
2269,chateau-canon-la-gaffeliere-grand-cru-classe-rotwein-trocken-0-75-l.html
2235,chateau-le-chatelet-doppelmagnum-appellation-controlee-rotwein-trocken-3-l.html
3613,chateau-angelus-premier-grand-cru-classe-b-rotwein-trocken-0-75-l-569.html
3281,chateau-angelus-premier-grand-cru-classe-b-rotwein-trocken-0-75-l.html
2283,chateau-pavie-premier-grand-cru-classe-b-rotwein-trocken-0-75-l-433.html
5925,chateau-angelus.html
4122,chateau-cheval-blanc-premier-grand-cru-classe-a-rotwein-trocken-0-75-l-688.html
4117,chateau-ausone-premier-grand-cru-classe-a-rotwein-trocken-0-75-l-684.html
3282,chateau-cheval-blanc-premier-grand-cru-classe-a-rotwein-trocken-0-75-l.html
3432,chateau-le-boscq-cru-bourgeois-superieur-rotwein-trocken-0-75-l.html
6157,frank-phelan-2-wein-chateau-phelan-segur-appellation-controlee-rotwein-trocken-0-75-l.html
6139,marquis-de-calon-2-wein-chateau-calon-segur.html
3582,chateau-phelan-segur-cru-bourgeois-rotwein-trocken-0-75-l.html
6144,chateau-phelan-segur-cru-bourgeois-superieur-rotwein-trocken-0-75-l.html
3617,chateau-cos-d-estournel-deuxieme-cru-classe-rotwein-trocken-0-75-l-627.html
2423,chateau-cos-d-estournel-deuxieme-cru-classe-rotwein-trocken-0-75-l-626.html
2271,chateau-cos-d-estournel-deuxieme-cru-classe-rotwein-trocken-0-75-l.html
5943,chateau-cos-d-estournel.html
5865,les-fiefs-de-lagrange-2-wein-chateau-lagrange-appellation-controlee-rotwein-trocken-0-75-l.html
3856,chateau-lagrange-troisieme-cru-classe-rotwein-trocken-0-75-l.html
3623,chateau-ducru-beaucaillou-deuxieme-cru-classe-rotwein-trocken-0-75-l-742.html
918,chateau-leoville-las-cases-deuxieme-cru-classe-rotwein-trocken-0-75-l-1026.html
26,chateau-leoville-las-cases-deuxieme-cru-classe-rotwein-trocken-0-75-l-1028.html
1782,chateau-ducru-beaucaillou-deuxieme-cru-classe-rotwein-trocken-0-75-l.html
3614,chateau-leoville-las-cases-deuxieme-cru-classe-rotwein-trocken-0-75-l-1027.html
5899,chateau-ducru-beaucaillou-deuxieme-cru-classe-rotwein-trocken-0-75-l-743.html
2275,chateau-leoville-las-cases-deuxieme-cru-classe-rotwein-trocken-0-75-l-1025.html
1613,fendant-du-valais-alpes-weisswein-trocken-0-75-l.html
531,luebecker-rotspon-original-12-rotwein-trocken-1-l.html
6633,schneekloth-garcon-rotwein-lieblich-0-75-l.html
532,luebecker-rotspon-original-12-rotwein-lieblich-1-l.html
678,friaul-merlot-pighin-rotwein-trocken-0-75-l.html
2387,bio-st-gottardi-bianco-di-custoza-weisswein-trocken-0-75-l.html
6375,st-gottardi-bianco-di-custoza-weisswein-trocken-0-75-l.html
5868,rites-du-sud-sauvignon-blanc-weisswein-trocken-0-75-l.html
6388,schneekloth-baronne-sauvignon-blanc-weisswein-trocken-0-75-l.html
998,grappa-alexander-rhytm-n-blues-38-vol-0-5-l.html
999,grappa-alexander-di-moscato-38-vol-0-7-l.html
92,schneekloth-portugieser-rotwein-halbtrocken-1-l.html
84,schneekloth-blauer-portugieser-rotwein-halbtrocken-0-75-l.html
6238,schneekloth-dornfelder-fruchtig-suess-auslese-0-75-l.html
5951,montigny-ornament-eremitage-barrique-doppelmagnum-rotwein-trocken-3-l.html
2296,schneekloth-regent-rotwein-edelsuess-0-75-l.html
6723,bio-vigna-terra-merlot-rotwein-trocken-0-75-l.html
669,st-gottardi-cabernet-pinot-nero-rotwein-lieblich-0-75-l.html
756,donauherbst-blaufraenkisch-rotwein-lieblich-0-75-l.html
715,graf-karolyi-rotwein-trocken-0-75-l.html
432,vin-de-pays-de-l-herault-rotwein-trocken-1-l.html
6386,schneekloth-baronne-cabernet-merlot-rotwein-trocken-0-75-l.html
1976,cuvee-des-ardoises-rotwein-trocken-0-75-l.html
823,cielo-merlot-raboso-rotwein-trocken-0-75-l.html
791,st-gottardi-bardolino-rotwein-trocken-0-75-l.html
3645,st-gottardi-bardolino-rotwein-trocken-0-75-l.html
963,philip-jahrgangs-sekt-dry-trocken-0-75-l.html
3616,chateau-guiraud-blanc-premier-cru-classe-weisswein-edelsuess-0-75-l-680.html
3867,chateau-d-yquem-premier-cru-superieur-weisswein-edelsuess-0-375-l-593.html
1812,chateau-d-yquem-premier-cru-superieur-weisswein-edelsuess-0-75-l-794.html
4124,chateau-d-yquem-premier-cru-superieur-weisswein-edelsuess-0-75-l-797.html
1518,mayschoss-portugieser-rotwein-halbtrocken-0-75-l.html
3941,montigny-ornament-eremitage-barrique-rotwein-trocken-0-75-l.html
553,les-caprices-d-antoine-rotwein-trocken-0-75-l.html
6545,hommage-a-jacques-perrin-chateauneuf-du-pape.html
3872,grand-sud-cabernet-rotwein-trocken-1-l.html
699,schneekloth-s-holsteiner-gluehpunsch-mit-rum-rotwein-edelsuess-1-l.html
685,schneekloth-s-gluehwein-gluehwein-edelsuess-1-l.html
719,poggiovero-bardolino-rotwein-trocken-1-l.html
492,antinori-santa-cristina-rotwein-trocken-0-75-l.html
652,st-gottardi-chianti-rotwein-trocken-0-75-l.html
1633,chianti-affreschi-rotwein-trocken-0-75-l.html
1291,viala-sangiovese-rotwein-trocken-0-75-l.html
1295,viala-sweet-rosso-rotwein-lieblich-0-75-l.html
3442,terre-allegre-rotwein-trocken-0-75-l.html
6726,bio-vigna-terra-primitivo-rotwein-trocken-0-75-l.html
2149,tatu-primitivo-del-tarantino-rotwein-trocken-0-75-l.html
3443,cielo-primitivo-di-puglia-rotwein-trocken-0-75-l.html
6439,vitae-cuvee-puglia-rotwein-trocken-0-75-l.html
3445,dogajolo-toscano-rotwein-trocken-0-75-l.html
1686,chianti-classico-gallo-nero-castello-di-uzzano-rotwein-trocken-0-75-l.html
681,villa-antinori-rotwein-trocken-0-75-l.html
393,nero-d-avola-sicilia-violante-rotwein-trocken-0-75-l.html
6438,lambrusco-acceso-perlwein-trocken-0-75-l.html
1324,freixenet-mederano-blanco-weisswein-halbtrocken-0-75-l.html
6762,neos-imiglikos-weisswein-lieblich-0-75-l.html
6763,neos-imiglikos-weisswein-lieblich-0-75-l.html
6774,neos-nemea-reserve-rotwein-trocken-0-75-l.html
6761,neos-imiglikos-rotwein-lieblich-0-75-l.html
935,neos-imiglikos-rotwein-lieblich-0-75-l.html
23,neos-imiglikos-rotwein-lieblich-0-75-l.html
37,chateau-phelan-segur-cru-bourgeois-exceptionnel-rotwein-trocken-0-75-l-947.html
1553,chateau-phelan-segur-cru-bourgeois-exceptionnel-rotwein-trocken-0-75-l-947.html
1749,chateau-phelan-segur-cru-bourgeois-exceptionnel-rotwein-trocken-0-75-l.html
1811,chateau-phelan-segur-cru-bourgeois-exceptionnel-rotwein-trocken-0-75-l-945.html
2254,chateau-phelan-segur-cru-bourgeois-exceptionnel-rotwein-trocken-0-75-l-945.html
3582,chateau-phelan-segur-cru-bourgeois-rotwein-trocken-0-75-l.html
451,sancerre-apud-sariacum-weisswein-trocken-0-75-l.html
473,sancerre-blanc-les-terres-blanches-weisswein-trocken-0-75-l.html
3655,bio-st-gottardi-bardolino-chiaretto-rosewein-trocken-0-75-l.html
2386,st-gottardi-bardolino-chiaretto-rosewein-trocken-0-75-l.html
6163,bottega-sekt-gold-trocken-0-75-l.html
6164,bottega-sekt-gold-magnum-trocken-1-5-l.html
6165,bottega-petalo-moscato-il-vino-dell-amore-sekt-lieblich-0-75-l.html
6161,distilleria-bottega-grappa-fiasco-chianti-bastflasche-38-0-vol-0-7-l.html
5795,pighin-friuli-pinot-grigio-weisswein-trocken-0-75-l.html
6217,montigny-so-mookt-wi-dat-rotwein-trocken-0-75-l.html
6597,la-palma-rosewein-trocken-0-75-l.html
6526,la-palma-rosewein-trocken-0-75-l.html
6543,la-palma-rosewein-trocken-0-75-l.html
6527,la-palma-rosewein-trocken-0-75-l.html
425,vin-blanc-weisswein-trocken-1-l.html
425,vin-blanc-weisswein-trocken-1-l.html
467,chateau-de-los-blanc-weisswein-trocken-0-75-l.html
5916,pavillon-blanc-du-chateau-margaux-apellation-controlee-weisswein-trocken-0-75-l.html
3866,chateau-rieussec-appellation-controlee-weisswein-edelsuess-0-75-l-592.html
467,chateau-de-los-blanc-weisswein-trocken-0-75-l.html
516,mission-st-vincent-blanc-weisswein-trocken-0-75-l.html
6486,despagne-parcelle-b-227-blanc-trocken-0-75-l.html
3939,le-blanc-de-camarsac-weisswein-trocken-0-75-l.html
437,chateau-tour-de-mirambeau-sauvignon-blanc-weisswein-trocken-0-75-l.html
1754,clos-nardian-st-aubin-de-branne-appellation-controlee-weisswein-trocken-0-75-l.html
1119,clos-nardian-st-aubin-de-branne-appellation-controlee-weisswein-trocken-0-75-l-411.html
5916,pavillon-blanc-du-chateau-margaux-apellation-controlee-weisswein-trocken-0-75-l.html
6484,despagne-entr-amis-weisswein-lieblich-0-75-l.html
6541,maison-schroeder-schyler-sauternes-weisswein-edelsuess-0-5-l.html
1975,chateau-les-roques-cuvee-frantz-appellation-controlee-weisswein-edelsuess-0-75-l.html
941,chateau-guiraud-blanc-premier-cru-classe-weisswein-edelsuess-0-75-l-678.html
3616,chateau-guiraud-blanc-premier-cru-classe-weisswein-edelsuess-0-75-l-680.html
2273,chateau-guiraud-blanc-appellation-controlee-weisswein-edelsuess-0-75-l.html
3866,chateau-rieussec-appellation-controlee-weisswein-edelsuess-0-75-l-592.html
1111,chateau-d-yquem-premier-cru-superieur-weisswein-edelsuess-0-375-l.html
1812,chateau-d-yquem-premier-cru-superieur-weisswein-edelsuess-0-75-l-794.html
4124,chateau-d-yquem-premier-cru-superieur-weisswein-edelsuess-0-75-l-797.html
1685,chateau-d-yquem-premier-cru-superieur-weisswein-edelsuess-0-75-l-795.html
3867,chateau-d-yquem-premier-cru-superieur-weisswein-edelsuess-0-375-l-593.html
3295,chateau-d-yquem-premier-cru-superieur-weisswein-edelsuess-0-75-l-796.html
1333,blanchet-blanc-de-blancs-weisswein-trocken-0-75-l.html
1333,blanchet-blanc-de-blancs-weisswein-trocken-0-75-l.html
6388,schneekloth-baronne-sauvignon-blanc-weisswein-trocken-0-75-l.html
426,caprice-de-colombelle-blanc-weisswein-trocken-0-75-l.html
3437,duc-de-termes-saint-mont-weisswein-trocken-0-75-l.html
5867,rites-du-sud-chardonnay-weisswein-trocken-0-75-l.html
5868,rites-du-sud-sauvignon-blanc-weisswein-trocken-0-75-l.html
542,bio-saint-roche-blanc-du-gard-weisswein-trocken-0-75-l.html
428,chablis-josselin-aus-dem-spitzenhaus-laroche-weisswein-trocken-0-75-l.html
473,sancerre-blanc-les-terres-blanches-weisswein-trocken-0-75-l.html
451,sancerre-apud-sariacum-weisswein-trocken-0-75-l.html
456,chateau-belingard-monbazillac-weisswein-edelsuess-0-75-l.html
643,poggiovero-frascati-weisswein-trocken-0-75-l.html
663,poggiovero-frascati-weisswein-trocken-1-l.html
1756,garganega-secco-vino-frizzante-corte-viola-trocken-0-75-l.html
769,prosecco-frizzante-weisswein-trocken-0-75-l.html
391,prosecco-botter-spago-perfetta-weisswein-trocken-0-75-l.html
1289,viala-garganega-trebbiano-weisswein-trocken-0-75-l.html
1293,viala-sweet-bianco-weisswein-lieblich-0-75-l.html
6725,bio-vigna-terra-soave-weisswein-trocken-0-75-l.html
1756,garganega-secco-vino-frizzante-corte-viola-trocken-0-75-l.html
673,st-gottardi-chardonnay-delle-venezie-weisswein-trocken-0-75-l.html
666,brunellesco-soave-weisswein-trocken-0-75-l.html
789,st-gottardi-pinot-grigio-del-veneto-weisswein-trocken-0-75-l.html
6375,st-gottardi-bianco-di-custoza-weisswein-trocken-0-75-l.html
2153,biobio-chardonnay-weisswein-trocken-0-75-l.html
1289,viala-garganega-trebbiano-weisswein-trocken-0-75-l.html
2387,bio-st-gottardi-bianco-di-custoza-weisswein-trocken-0-75-l.html
643,poggiovero-frascati-weisswein-trocken-0-75-l.html
769,prosecco-frizzante-weisswein-trocken-0-75-l.html
2199,orvieto-classico-la-carraia-weisswein-trocken-0-75-l.html
663,poggiovero-frascati-weisswein-trocken-1-l.html
3642,st-gottardi-collezione-privata-pinot-grigio-weisswein-trocken-0-75-l.html
6725,bio-vigna-terra-soave-weisswein-trocken-0-75-l.html
391,prosecco-botter-spago-perfetta-weisswein-trocken-0-75-l.html
5794,dogajolo-toscano-weisswein-trocken-0-75-l.html
5795,pighin-friuli-pinot-grigio-weisswein-trocken-0-75-l.html
488,antinori-santa-cristina-weisswein-trocken-0-75-l.html
3654,lugana-selva-capuzza-weisswein-trocken-0-75-l.html
1689,villa-antinori-weisswein-trocken-0-75-l.html
1293,viala-sweet-bianco-weisswein-lieblich-0-75-l.html
5787,freixenet-mia-blanco-weisswein-lieblich-0-75-l.html
1324,freixenet-mederano-blanco-weisswein-halbtrocken-0-75-l.html
5787,freixenet-mia-blanco-weisswein-lieblich-0-75-l.html
6763,freixenet-mia-blanco-weisswein-lieblich-0-75-l.html
6762,neos-imiglikos-weisswein-lieblich-0-75-l.html
751,muskat-ottonel-weisswein-edelsuess-0-75-l.html
755,graf-karolyi-weisswein-trocken-0-75-l.html
246,gruener-veltliner-weisswein-trocken-1-l.html
247,gruener-veltliner-weisswein-halbtrocken-1-l.html
759,donauherbst-gewuerztraminer-weisswein-lieblich-0-75-l.html
761,mueller-thurgau-weisswein-lieblich-1-l.html
2346,donauherbst-pinot-grigio-weisswein-lieblich-0-75-l.html
755,graf-karolyi-weisswein-trocken-0-75-l.html
246,gruener-veltliner-weisswein-trocken-1-l.html
247,gruener-veltliner-weisswein-halbtrocken-1-l.html
759,donauherbst-gewuerztraminer-weisswein-lieblich-0-75-l.html
761,mueller-thurgau-weisswein-lieblich-1-l.html
2346,donauherbst-pinot-grigio-weisswein-lieblich-0-75-l.html
751,muskat-ottonel-weisswein-edelsuess-0-75-l.html
6169,anima-rubra-free-wine-ohne-zusaetzliche-sulfite-rotwein-trocken-0-75-l.html
6643,swing-hugo.html
734,naredo-weisswein-mild-sueffig-0-75-l.html
6643,swing-hugo.html
734,naredo-weisswein-mild-sueffig-0-75-l.html
877,rosso-di-montalcino-rotwein-trocken-0-75-l.html
6778,wild-senses-rotwein-lieblich-0-75-l.html
6778,wild-senses-rotwein-lieblich-0-75-l.html
3484,rebenwuehler-rotweincuvee-rotwein-halbtrocken-0-75-l.html
776,schloss-kronsburg-alkoholfrei-rotwein-mild-sueffig-0-75-l.html
6129,schneekloth-deutscher-landwein-rhein-rotwein-halbtrocken-1-l.html
1972,schneekloth-regent-dornfelder-rotwein-trocken-0-75-l.html
253,schneekloth-dornfelder-rotwein-trocken-0-75-l.html
1731,schneekloth-dornfelder-holzfassreife-rotwein-trocken-0-75-l.html
151,schneekloth-dornfelder-rotwein-trocken-1-l.html
1973,schneekloth-merlot-rotwein-trocken-0-75-l.html
1918,lauffener-katzenbeisser-schwarz-weiss-schwarzriesling-rotwein-trocken-0-75-l.html
1919,bioland-schwarzriesling-katzenbeisser-rotwein-trocken-0-75-l.html
2136,bastian-spaetburgunder-rotwein-trocken-0-75-l.html
361,bickensohl-spaetburgunder-rotwein-trocken-0-75-l.html
1168,bio-zimmer-regent-portugieser-rotwein-trocken-0-75-l.html
1755,mayschoss-spaetburgunder-rotwein-trocken-0-75-l.html
1834,schneekloth-spaetburgunder-rotwein-trocken-0-75-l.html
6264,schneekloth-cabernet-sauvignon-im-barrique-gereift-rotwein-trocken-0-75-l.html
6265,schneekloth-merlot-im-barrique-gereift-rotwein-trocken-0-75-l.html
3941,montigny-ornament-eremitage-barrique-rotwein-trocken-0-75-l.html
6217,montigny-so-mookt-wi-dat-rotwein-trocken-0-75-l.html
5951,montigny-ornament-eremitage-barrique-doppelmagnum-rotwein-trocken-3-l.html
1832,schneekloth-regent-dornfelder-rotwein-halbtrocken-0-75-l.html
6129,schneekloth-deutscher-landwein-rhein-rotwein-halbtrocken-1-l.html
84,schneekloth-blauer-portugieser-rotwein-halbtrocken-0-75-l.html
81,schneekloth-blauer-spaetburgunder-rotwein-halbtrocken-0-75-l.html
245,schneekloth-dornfelder-rotwein-halbtrocken-0-75-l.html
1112,frechdachs-samtrot-rotwein-halbtrocken-0-75-l.html
92,schneekloth-portugieser-rotwein-halbtrocken-1-l.html
252,schneekloth-dornfelder-rotwein-halbtrocken-1-l.html
2399,silentium-regent-dornfelder-jahrgangs-cuvee-rotwein-halbtrocken-0-75-l.html
385,merdinger-attilafelsen-spaetburgunder-rotwein-mild-sueffig-1-l.html
414,hohenhaslacher-kirchberg-rotwein-halbtrocken-1-l.html
3552,montigny-cuvee-rot-rotwein-feinherb-0-75-l.html
412,wuerttemberger-trollinger-rotwein-halbtrocken-1-l.html
1518,mayschoss-portugieser-rotwein-halbtrocken-0-75-l.html
4191,affentaler-traditionslinie-spaetburgunder-rotwein-halbtrocken-0-75-l.html
273,mayschoss-spaetburgunder-rotwein-halbtrocken-0-75-l.html
3484,rebenwuehler-rotweincuvee-rotwein-halbtrocken-0-75-l.html
1833,schneekloth-regent-dornfelder-rotwein-lieblich-0-75-l.html
1468,schneekloth-dornfelder-rotwein-lieblich-0-75-l.html
776,schloss-kronsburg-alkoholfrei-rotwein-mild-sueffig-0-75-l.html
83,schneekloth-essenheimer-domherr-rotwein-mild-sueffig-0-75-l.html
275,mayschoss-altenahrer-klosterberg-rotwein-mild-sueffig-0-75-l.html
2296,schneekloth-regent-rotwein-edelsuess-0-75-l.html
6238,schneekloth-dornfelder-fruchtig-suess-auslese-0-75-l.html
3549,beaujolais-domaine-du-grand-lievre-rotwein-trocken-0-75-l.html
2429,madiran-terroirs-de-tilhet-rotwein-trocken-0-75-l.html
545,luebecker-rotspon-original-12-rotwein-trocken-0-75-l.html
2343,le-filou-sweet-rotwein-lieblich-0-75-l.html
552,luebecker-rotspon-original-12-rotwein-lieblich-0-75-l.html
432,vin-de-pays-de-l-herault-rotwein-trocken-1-l.html
1722,j-p-chenet-merlot-rotwein-trocken-0-75-l.html
2141,schneekloth-cotes-du-rhone-rotwein-trocken-0-75-l.html
3872,grand-sud-cabernet-rotwein-trocken-1-l.html
126,grand-sud-merlot-rotwein-trocken-1-l.html
6386,schneekloth-baronne-cabernet-merlot-rotwein-trocken-0-75-l.html
3873,schneekloth-corsica-nielluccio-merlot-rotwein-trocken-0-75-l.html
545,luebecker-rotspon-original-12-rotwein-trocken-0-75-l.html
5869,rites-du-sud-merlot-rotwein-trocken-0-75-l.html
568,bio-cotes-du-rhone-les-coudriers-rotwein-trocken-0-75-l.html
3438,duc-de-termes-saint-mont-rotwein-trocken-0-75-l.html
531,luebecker-rotspon-original-12-rotwein-trocken-1-l.html
3549,beaujolais-domaine-du-grand-lievre-rotwein-trocken-0-75-l.html
2429,madiran-terroirs-de-tilhet-rotwein-trocken-0-75-l.html
553,les-caprices-d-antoine-rotwein-trocken-0-75-l.html
1977,bio-terra-sana-rotwein-trocken-0-75-l.html
1565,grand-sud-merlot-bag-in-box-rotwein-trocken-3-l.html
1976,cuvee-des-ardoises-rotwein-trocken-0-75-l.html
1572,j-p-chenet-cabernet-syrah-bag-in-box-rotwein-trocken-3-l.html
574,chateauneuf-du-pape-rotwein-trocken-0-75-l.html
847,baron-arques-clocher-de-saint-polycarpe-limoux-auktion-vin-de-pays-rotwein-trocken-0-75-l.html
6545,hommage-a-jacques-perrin-chateauneuf-du-pape.html
2343,le-filou-sweet-rotwein-lieblich-0-75-l.html
6633,schneekloth-garcon-rotwein-lieblich-0-75-l.html
552,luebecker-rotspon-original-12-rotwein-lieblich-0-75-l.html
532,luebecker-rotspon-original-12-rotwein-lieblich-1-l.html
725,poggiovero-montepulciano-d-abruzzo-rotwein-trocken-1-l.html
6445,solaia.html
3442,terre-allegre-rotwein-trocken-0-75-l.html
646,st-gottardi-merlot-del-veneto-rotwein-trocken-0-75-l.html
823,cielo-merlot-raboso-rotwein-trocken-0-75-l.html
2154,biobio-merlot-del-veneto-rotwein-trocken-0-75-l.html
3443,cielo-primitivo-di-puglia-rotwein-trocken-0-75-l.html
393,nero-d-avola-sicilia-violante-rotwein-trocken-0-75-l.html
392,primitivo-salento-col-de-sotto-rotwein-trocken-0-75-l.html
1291,viala-sangiovese-rotwein-trocken-0-75-l.html
725,poggiovero-montepulciano-d-abruzzo-rotwein-trocken-1-l.html
791,st-gottardi-bardolino-rotwein-trocken-0-75-l.html
1633,chianti-affreschi-rotwein-trocken-0-75-l.html
719,poggiovero-bardolino-rotwein-trocken-1-l.html
3645,poggiovero-bardolino-rotwein-trocken-1-l.html
6439,vitae-cuvee-puglia-rotwein-trocken-0-75-l.html
6438,lambrusco-acceso-perlwein-trocken-0-75-l.html
3644,st-gottardi-collezione-privata-merlot-rotwein-trocken-0-75-l.html
652,st-gottardi-chianti-rotwein-trocken-0-75-l.html
682,bio-bona-terra-rotwein-trocken-0-75-l.html
6723,bio-vigna-terra-merlot-rotwein-trocken-0-75-l.html
6726,bio-vigna-terra-primitivo-rotwein-trocken-0-75-l.html
2149,tatu-primitivo-del-tarantino-rotwein-trocken-0-75-l.html
654,chianti-riserva-rotwein-trocken-0-75-l.html
6169,anima-rubra-free-wine-ohne-zusaetzliche-sulfite-rotwein-trocken-0-75-l.html
3445,dogajolo-toscano-rotwein-trocken-0-75-l.html
1615,wilhelm-walch-kalterer-see-auslese-rotwein-trocken-0-75-l.html
678,friaul-merlot-pighin-rotwein-trocken-0-75-l.html
5799,pighin-friuli-cabernet-sauvignon-rotwein-trocken-0-75-l.html
2455,tenuta-marcati-valpolicella-superiore-rotwein-trocken-0-75-l.html
2398,bio-chianti-biovin-rotwein-trocken-0-75-l.html
492,antinori-santa-cristina-rotwein-trocken-0-75-l.html
2145,papale-primitivo-di-mandura-rotwein-trocken-0-75-l.html
1686,chianti-classico-gallo-nero-castello-di-uzzano-rotwein-trocken-0-75-l.html
681,villa-antinori-rotwein-trocken-0-75-l.html
877,rosso-di-montalcino-rotwein-trocken-0-75-l.html
3444,carpineto-chianti-classico-riserva-rotwein-trocken-0-75-l.html
2456,tenuta-marcati-amarone-della-valpolicella-rotwein-trocken-0-75-l.html
6445,solaia.html
656,cavicchioli-lambrusco-dolce-di-salamino-rotwein-lieblich-0-75-l.html
669,st-gottardi-cabernet-pinot-nero-rotwein-lieblich-0-75-l.html
1295,viala-sweet-rosso-rotwein-lieblich-0-75-l.html
2148,chicca-primitivo-di-manduria-dolce-naturale-rotwein-edelsuess-0-75-l.html
3247,sul-south-rotwein-trocken-0-75-l.html
1938,astrolabium-reserva-rotwein-trocken-0-75-l.html
2397,patamar-reserva-douro-rotwein-trocken-0-75-l.html
3988,maria-mansa-rotwein-trocken-0-75-l.html
1913,cavino-nemea-agiorgitiko-rotwein-trocken-0-75-l.html
6774,neos-nemea-reserve-rotwein-trocken-0-75-l.html
3366,cavino-imixiros-rotwein-halbtrocken-0-75-l.html
6761,neos-imiglikos-rotwein-lieblich-0-75-l.html
1892,cavino-deus-imiglikos-nemea-rotwein-lieblich-0-75-l.html
5857,cavino-deus-imiglikos-cabernet-sauvignon-merlot-rotwein-lieblich-1-l.html
2352,schneekloth-blauer-zweigelt-rotwein-trocken-0-75-l.html
1246,lenz-moser-blaufraenkisch-selection-rotwein-trocken-0-75-l.html
742,lenz-moser-blaufraenkisch-rotwein-trocken-1-l.html
1611,dole-du-valais-alpes-rotwein-trocken-0-75-l.html
1611,dole-du-valais-alpes-rotwein-trocken-0-75-l.html
546,rosenfelder-rotwein-edelsuess-0-75-l.html
1279,amselfelder-rosiere-rotwein-lieblich-0-75-l.html
547,mazedonischer-kadarka-rotwein-lieblich-1-l.html
715,graf-karolyi-rotwein-trocken-0-75-l.html
547,mazedonischer-kadarka-rotwein-lieblich-1-l.html
756,donauherbst-blaufraenkisch-rotwein-lieblich-0-75-l.html
752,donauherbst-merlot-rotwein-lieblich-0-75-l.html
1279,amselfelder-rosiere-rotwein-lieblich-0-75-l.html
546,rosenfelder-rotwein-edelsuess-0-75-l.html
4224,sunset-canyon-ruby-cabernet-rotwein-trocken-0-75-l.html
1713,big-fat-llama-cabernet-sauvignon-rotwein-trocken-0-75-l.html
1712,big-fat-llama-merlot-rotwein-trocken-0-75-l.html
817,sutter-home-cabernet-sauvignon-rotwein-trocken-0-75-l.html
728,sutter-home-merlot-rotwein-trocken-0-75-l.html
765,sutter-home-zinfandel-rotwein-trocken-0-75-l.html
1418,golden-kaan-cabernet-sauvignon-rotwein-trocken-0-75-l.html
1299,golden-kaan-merlot-rotwein-trocken-0-75-l.html
1298,golden-kaan-shiraz-rotwein-trocken-0-75-l.html
3566,suedafrika-zebra-collection-shiraz-rotwein-trocken-0-75-l.html
3897,gato-negro-cabernet-sauvignon-rotwein-trocken-0-75-l.html
3898,gato-negro-merlot-rotwein-trocken-0-75-l.html
1736,la-palma-cabernet-sauvignon-rotwein-trocken-0-75-l.html
1716,la-palma-carmenere-rotwein-trocken-0-75-l.html
1738,la-palma-merlot-rotwein-trocken-0-75-l.html
1896,yellow-tail-merlot-rotwein-trocken-0-75-l.html
2117,gallo-cabernet-sauvignon-rotwein-trocken-0-75-l.html
2118,gallo-zinfandel-rotwein-trocken-0-75-l.html
1739,la-capitana-cabernet-sauvignon-reserva-rotwein-trocken-0-75-l.html
1714,la-capitana-carmenere-reserva-rotwein-trocken-0-75-l.html
518,penfolds-rawsons-s-retreat-shiraz-cabernet-rotwein-trocken-0-75-l.html
2392,stony-cape-bag-in-box-rotwein-trocken-3-l.html
6441,opus-one-quality-wine-of-origin-rotwein-trocken-0-75-l.html
685,schneekloth-s-gluehwein-gluehwein-edelsuess-1-l.html
699,schneekloth-s-holsteiner-gluehpunsch-mit-rum-rotwein-edelsuess-1-l.html
2193,bio-gluehwein-rotwein-edelsuess-1-l.html
735,naredo-rotwein-mild-sueffig-0-75-l.html
735,naredo-rotwein-mild-sueffig-0-75-l.html
6387,schneekloth-baronne-syrah-rose-rosewein-trocken-0-75-l.html
3871,grand-sud-merlot-rosewein-halbtrocken-1-l.html
112,j-p-chenet-grenache-cinsault-rosewein-trocken-0-75-l.html
479,schneekloth-renommee-vin-de-pays-rosewein-trocken-1-l.html
479,schneekloth-renommee-vin-de-pays-rosewein-trocken-1-l.html
112,j-p-chenet-grenache-cinsault-rosewein-trocken-0-75-l.html
6387,schneekloth-baronne-syrah-rose-rosewein-trocken-0-75-l.html
3869,caprice-de-colombelle-rosewein-trocken-0-75-l.html
6779,brise-marine-rosewein-trocken-0-75-l.html
494,jas-des-ginestes-rosewein-trocken-1-l.html
3871,grand-sud-merlot-rosewein-halbtrocken-1-l.html
485,rose-d-anjou-rosewein-lieblich-0-75-l.html
3655,bio-st-gottardi-bardolino-chiaretto-rosewein-trocken-0-75-l.html
2386,st-gottardi-bardolino-chiaretto-rosewein-trocken-0-75-l.html
1687,viala-sweet-rosato-rosewein-lieblich-0-75-l.html
2347,freixenet-mederano-rosado-rosewein-halbtrocken-0-75-l.html
2347,freixenet-mederano-rosado-rosewein-halbtrocken-0-75-l.html
6597,la-palma-rosewein-trocken-0-75-l.html
2393,stony-cape-bag-in-box-rosewein-trocken-3-l.html
4225,sunset-canyon-zinfandel-rose-rosewein-halbtrocken-0-75-l.html
2116,gallo-grenache-rosewein-lieblich-0-75-l.html
6644,swing-sprizz.html
6644,swing-sprizz.html
6676,swing-sprizz.html
963,philip-jahrgangs-sekt-dry-trocken-0-75-l.html
1276,schloss-vaux-riesling-sekt-brut-trocken-0-75-l.html
6676,schloss-vaux-riesling-sekt-brut-trocken-0-75-l.html
6163,bottega-sekt-gold-trocken-0-75-l.html
6164,bottega-sekt-gold-magnum-trocken-1-5-l.html
6165,bottega-petalo-moscato-il-vino-dell-amore-sekt-lieblich-0-75-l.html
689,sherry-pasada-pedro-rodriguez-cream-15-vol-lieblich-0-75-l.html
688,sherry-pasada-pedro-rodriguez-amontillado-medium-15-vol-halbtrocken-0-75-l.html
688,sherry-pasada-pedro-rodriguez-amontillado-medium-15-vol-halbtrocken-0-75-l.html
689,sherry-pasada-pedro-rodriguez-cream-15-vol-lieblich-0-75-l.html
686,noval-fine-ruby-port-portwein-edelsuess-0-75-l.html
6371,quinta-do-noval-port-5x-kleinflasche.html
1848,quinta-do-noval-silval-vintage-port-989.html
6211,quinta-do-noval-silval-vintage-port-992.html
6214,quinta-do-noval-silval-vintage-port-990.html
1847,quinta-do-noval-silval-vintage-port.html
6213,quinta-do-noval-silval-vintage-port-993.html
6215,quinta-do-noval-vintage-port-1097.html
6212,quinta-do-noval-vintage-port-1100.html
6733,grappa-di-prosecco-uve-d-alexander-38-vol-200ml.html
1173,siebenmaerker-royal-40-jamaika-rum-verschnitt-40-vol-0-7-l.html
1936,kieler-sprotte-aquavit-geschenkpackung-1-flasche-0-04-l-1-glas.html
1935,kieler-sprotte-aquavit-geschenkset-1-flasche-0-7-l-4-glaeser.html
1161,y2k-wodka-lemon-40-vol-0-5-l.html
1162,y2k-wodka-vanilla-40-vol-0-5-l.html
6444,y2k-wodka-original-40-vol-1-0.html
1452,y2k-wodka-original-40-vol-0-7-l.html
2287,jahnke-salz-lakritz-likoer-30-vol-0-7-l.html
1193,siebenmaerker-kieler-kuemmel-0-7-l.html
6539,montigny-gewuerztraminer-tresterbrand-42-vol-0-35-l.html
6733,grappa-di-prosecco-uve-d-alexander-38-vol-200ml.html
1584,bottega-limoncino-alla-grappa-30-vol-0-5-l.html
996,grappa-alexander-di-chardonnay-cubetto-38-vol-0-1-l.html
991,grappa-alexander-bianca-gruene-flasche-38-vol-0-7-l.html
6161,distilleria-bottega-grappa-fiasco-chianti-bastflasche-38-0-vol-0-7-l.html
999,grappa-alexander-di-moscato-38-vol-0-7-l.html
995,grappa-di-cabernet-uve-d-alexander-38-vol-0-7-l.html
6159,grappa-alexander-exquisite-unboxed-38-0-vol-0-7-l.html
992,grappa-alexander-di-chardonnay-discovery-38-vol-0-35-l.html
998,grappa-alexander-rhytm-n-blues-38-vol-0-5-l.html
1936,kieler-sprotte-aquavit-geschenkpackung-1-flasche-0-04-l-1-glas.html
1929,kieler-sprotte-aquavit-geschenkkiste-1-flasche-0-7-l-mit-2-glaesern.html
1935,kieler-sprotte-aquavit-geschenkset-1-flasche-0-7-l-4-glaeser.html
1193,siebenmaerker-kieler-kuemmel-0-7-l.html
1533,kieler-sprotte-aquavit-43-vol-0-7-l.html
1181,siebenmaerker-drei-ratsherren-weinbrand-0-7-l.html
1181,siebenmaerker-drei-ratsherren-weinbrand-0-7-l.html
1173,siebenmaerker-royal-40-jamaika-rum-verschnitt-40-vol-0-7-l.html
1176,siebenmaerker-royal-54-jamaika-rum-verschnitt-54-vol-0-7-l.html
6175,havana-club-3-jahre-40-0-7-l.html
4138,havana-club-7-jahre-0-7-l.html
1161,y2k-wodka-lemon-40-vol-0-5-l.html
1162,y2k-wodka-vanilla-40-vol-0-5-l.html
1452,y2k-wodka-original-40-vol-0-7-l.html
6444,y2k-wodka-original-40-vol-1-0.html
2433,siebenmaerker-kieler-kraeuter-30-vol-0-7-l.html
2287,jahnke-salz-lakritz-likoer-30-vol-0-7-l.html
6162,bottega-latte-macchiato-cream-liqueur-0-5-l.html
4179,montigny-so-mookt-wi-dat-weisswein-halbtrocken-0-75-l.html
